0.00012845669157040917,3.581731081251416e-06,6.817080503895655e-05,2.876848246071723e-05,4.713130428292685e-06,7.28545600426459e-05,2.294847327059589e-05,1.3372985053282106e-05,7.936900767735974e-05,9.416803863441179e-06,6.150819199263832e-05,0.00047402975075817123,0.00014988830153600042,0.0001813909471426589,0.0007409458599528611,0.0012285229430034884,0.0012285229430034884,0.0012285229430034884,0.0012285229430034884,0.0012285229430034884,0.0012285229430034884,0.0012285229430034884,0.0012285229430034884,0.0012285229430034884,0.0012285229430034884,0.0002906251223682868,0.0002906251223682868,0.0002906251223682868,0.0002906251223682868,0.0002906251223682868,0.0002906251223682868,0.0002906251223682868,0.0002906251223682868,0.0002906251223682868,0.0002906251223682868,0.00035452774162077064,0.00035452774162077064,0.00035452774162077064,0.00035452774162077064,0.00035452774162077064,0.00035452774162077064,0.00035452774162077064,0.00035452774162077064,1
2.4720729159699976e-05,2.830594033568766e-06,5.165183869977303e-05,6.616842196141137e-06,4.527436427917907e-06,6.863904157304879e-05,2.7132509777841153e-05,2.158718571645776e-05,5.4831957403077225e-05,8.374984555126693e-06,7.831285361366141e-05,0.00036615293952354096,0.00019046471882590667,9.681288052288028e-05,0.0006609564932034896,0.0014804932718016028,0.0014804932718016028,0.0014804932718016028,0.0014804932718016028,0.0014804932718016028,0.0014804932718016028,0.0014804932718016028,0.0014804932718016028,0.0014804932718016028,0.0014804932718016028,0.0001835658451342778,0.0001835658451342778,0.0001835658451342778,0.0001835658451342778,0.0001835658451342778,0.0001835658451342778,0.0001835658451342778,0.0001835658451342778,0.0001835658451342778,0.0001835658451342778,0.0003871584497939281,0.0003871584497939281,0.0003871584497939281,0.0003871584497939281,0.0003871584497939281,0.0003871584497939281,0.0003871584497939281,0.0003871584497939281,1
3.181926496419428e-05,3.2799390983253596e-06,1.5662472642379228e-05,6.367713894333029e-06,6.289462509304079e-06,7.547092692586814e-05,2.7031975213026634e-05,1.6597575132274613e-05,5.8816567013107826e-05,2.46456295764809e-05,5.455010774216667e-05,0.0003799943438451076,0.0002092802317971328,4.997157033138009e-05,0.0007013527984760429,0.0009645286750507824,0.0009645286750507824,0.0009645286750507824,0.0009645286750507824,0.0009645286750507824,0.0009645286750507824,0.0009645286750507824,0.0009645286750507824,0.0009645286750507824,0.0009645286750507824,0.0001679845005416902,0.0001679845005416902,0.0001679845005416902,0.0001679845005416902,0.0001679845005416902,0.0001679845005416902,0.0001679845005416902,0.0001679845005416902,0.0001679845005416902,0.0001679845005416902,0.0003977492011744,0.0003977492011744,0.0003977492011744,0.0003977492011744,0.0003977492011744,0.0003977492011744,0.0003977492011744,0.0003977492011744,1
3.402546691346302e-05,3.2469407447502537e-06,8.039941029201984e-06,6.267870106213876e-06,4.537794732021459e-06,9.068930477004136e-05,3.4621637427061945e-05,1.7930895185327506e-05,5.151193340024107e-05,2.4522587541658392e-05,5.6114827195247275e-05,0.00037326938024932093,0.00020794418357296648,5.96181154888004e-05,0.000726516407706962,0.0015559926675618367,0.0015559926675618367,0.0015559926675618367,0.0015559926675618367,0.0015559926675618367,0.0015559926675618367,0.0015559926675618367,0.0015559926675618367,0.0015559926675618367,0.0015559926675618367,0.00021630230278152043,0.00021630230278152043,0.00021630230278152043,0.00021630230278152043,0.00021630230278152043,0.00021630230278152043,0.00021630230278152043,0.00021630230278152043,0.00021630230278152043,0.00021630230278152043,0.0005357647912296313,0.0005357647912296313,0.0005357647912296313,0.0005357647912296313,0.0005357647912296313,0.0005357647912296313,0.0005357647912296313,0.0005357647912296313,1
7.29746621927558e-05,8.993433947447774e-06,0.00013627627603146256,1.9011244082673166e-05,6.763795469481231e-06,7.397247333509049e-05,1.4440738490988353e-05,1.8005589841377592e-05,2.2104448269698657e-05,2.1332390100667672e-05,8.151825853258018e-05,0.0003536206164169197,0.0002832799847078728,0.00015781437389811848,0.000725395365657234,0.0013013442892868168,0.0013013442892868168,0.0013013442892868168,0.0013013442892868168,0.0013013442892868168,0.0013013442892868168,0.0013013442892868168,0.0013013442892868168,0.0013013442892868168,0.0013013442892868168,0.0005926917871025552,0.0005926917871025552,0.0005926917871025552,0.0005926917871025552,0.0005926917871025552,0.0005926917871025552,0.0005926917871025552,0.0005926917871025552,0.0005926917871025552,0.0005926917871025552,0.00036368638523483167,0.00036368638523483167,0.00036368638523483167,0.00036368638523483167,0.00036368638523483167,0.00036368638523483167,0.00036368638523483167,0.00036368638523483167,1
3.083307516064713e-05,9.05453806111173e-06,0.00011811051098567564,1.1916677420339996e-05,6.557342062087008e-06,8.75873918811554e-05,1.7473091120834463e-05,1.8704453555124264e-05,1.793139756791235e-05,9.899043454488412e-06,7.977977041963299e-05,0.0003012378142300932,0.00022635696258920253,0.0001352176524573756,0.0007025311123847111,0.0012313011450289586,0.0012313011450289586,0.0012313011450289586,0.0012313011450289586,0.0012313011450289586,0.0012313011450289586,0.0012313011450289586,0.0012313011450289586,0.0012313011450289586,0.0012313011450289586,0.0003339728313774258,0.0003339728313774258,0.0003339728313774258,0.0003339728313774258,0.0003339728313774258,0.0003339728313774258,0.0003339728313774258,0.0003339728313774258,0.0003339728313774258,0.0003339728313774258,0.00042194226033115547,0.00042194226033115547,0.00042194226033115547,0.00042194226033115547,0.00042194226033115547,0.00042194226033115547,0.00042194226033115547,0.00042194226033115547,1
6.675871060306035e-05,9.958766864014974e-06,7.012118158671744e-05,1.5417528281413882e-05,6.797551439322446e-06,7.872242058822226e-05,2.913017217447217e-05,1.4308199429494277e-05,2.2084943353232045e-05,1.764803382457046e-05,6.35589021472569e-05,0.00035432236413989165,0.0001856518589689219,0.0001298953418154707,0.0007425042004537255,0.0012700105560735867,0.0012700105560735867,0.0012700105560735867,0.0012700105560735867,0.0012700105560735867,0.0012700105560735867,0.0012700105560735867,0.0012700105560735867,0.0012700105560735867,0.0012700105560735867,0.00037227545488567284,0.00037227545488567284,0.00037227545488567284,0.00037227545488567284,0.00037227545488567284,0.00037227545488567284,0.00037227545488567284,0.00037227545488567284,0.00037227545488567284,0.00037227545488567284,0.00043514471049056953,0.00043514471049056953,0.00043514471049056953,0.00043514471049056953,0.00043514471049056953,0.00043514471049056953,0.00043514471049056953,0.00043514471049056953,1
3.697270153999299e-05,1.5882513930308458e-05,3.615062147524498e-05,1.2718588333872211e-05,1.0096685183040772e-05,7.943518386831352e-05,2.1274714829686393e-05,2.484921494739394e-05,1.8935799440006287e-05,1.4078531878952402e-05,5.780196485294892e-05,0.0002961169323505954,0.00024813883387843734,0.00017593277440555708,0.0008012318238024594,0.0013241535093150441,0.0013241535093150441,0.0013241535093150441,0.0013241535093150441,0.0013241535093150441,0.0013241535093150441,0.0013241535093150441,0.0013241535093150441,0.0013241535093150441,0.0013241535093150441,0.00038369322291811675,0.00038369322291811675,0.00038369322291811675,0.00038369322291811675,0.00038369322291811675,0.00038369322291811675,0.00038369322291811675,0.00038369322291811675,0.00038369322291811675,0.00038369322291811675,0.00038247871646508675,0.00038247871646508675,0.00038247871646508675,0.00038247871646508675,0.00038247871646508675,0.00038247871646508675,0.00038247871646508675,0.00038247871646508675,1
0.0013355813707707077,6.606468988902957e-06,6.183569617893551e-05,1.7109027273086972e-05,6.495533265195898e-06,0.00013483124485271276,2.860915186943006e-05,2.1171287164917602e-05,2.997742764500071e-05,1.2295714950255472e-05,9.754386475474447e-05,0.0005531209311045356,0.00011502887772014046,0.00011956801451818688,0.0007509083813469257,0.0011184344689906427,0.0011184344689906427,0.0011184344689906427,0.0011184344689906427,0.0011184344689906427,0.0011184344689906427,0.0011184344689906427,0.0011184344689906427,0.0011184344689906427,0.0011184344689906427,0.0004294290751479004,0.0004294290751479004,0.0004294290751479004,0.0004294290751479004,0.0004294290751479004,0.0004294290751479004,0.0004294290751479004,0.0004294290751479004,0.0004294290751479004,0.0004294290751479004,0.0009152679028896539,0.0009152679028896539,0.0009152679028896539,0.0009152679028896539,0.0009152679028896539,0.0009152679028896539,0.0009152679028896539,0.0009152679028896539,1
6.473144243519643e-05,3.4020770426944738e-06,5.0721915577439634e-05,6.311630798534999e-06,5.205971042768008e-06,8.310804169414505e-05,1.4797539184958003e-05,1.4588063873669737e-05,2.4429184346805395e-05,1.3027453936756586e-05,6.827873261868936e-05,0.00027573308107634763,0.00010416120843423456,0.00014203515773719295,0.0007449524764080849,0.0014392035222724321,0.0014392035222724321,0.0014392035222724321,0.0014392035222724321,0.0014392035222724321,0.0014392035222724321,0.0014392035222724321,0.0014392035222724321,0.0014392035222724321,0.0014392035222724321,0.00023125991476519454,0.00023125991476519454,0.00023125991476519454,0.00023125991476519454,0.00023125991476519454,0.00023125991476519454,0.00023125991476519454,0.00023125991476519454,0.00023125991476519454,0.00023125991476519454,0.00027706659733516453,0.00027706659733516453,0.00027706659733516453,0.00027706659733516453,0.00027706659733516453,0.00027706659733516453,0.00027706659733516453,0.00027706659733516453,1
5.581171499876425e-05,2.767184201148767e-06,3.339828389802745e-05,5.5608240778210775e-06,3.341560974490261e-06,7.597933731731012e-05,2.1450900123319694e-05,1.5914396355931746e-05,2.491514412765041e-05,1.776571128804799e-05,5.90251031945087e-05,0.0002429572532360631,0.00015696703924367292,5.838793740944464e-05,0.0007639379898283569,0.001428740420751944,0.001428740420751944,0.001428740420751944,0.001428740420751944,0.001428740420751944,0.001428740420751944,0.001428740420751944,0.001428740420751944,0.001428740420751944,0.001428740420751944,0.00021380211501143977,0.00021380211501143977,0.00021380211501143977,0.00021380211501143977,0.00021380211501143977,0.00021380211501143977,0.00021380211501143977,0.00021380211501143977,0.00021380211501143977,0.00021380211501143977,0.0003536609285707927,0.0003536609285707927,0.0003536609285707927,0.0003536609285707927,0.0003536609285707927,0.0003536609285707927,0.0003536609285707927,0.0003536609285707927,1
4.078100043997448e-05,2.8427867058091232e-06,3.1040336663291904e-05,4.34220458658052e-06,3.925689970198131e-06,8.660668139670839e-05,2.6750897351393434e-05,1.3533078486934942e-05,2.5428820204474303e-05,1.5464021919528848e-05,5.424042555189466e-05,0.00022768636886862567,0.00018801200064038376,7.183844702502107e-05,0.0008354196776221438,0.0015825446181852174,0.0015825446181852174,0.0015825446181852174,0.0015825446181852174,0.0015825446181852174,0.0015825446181852174,0.0015825446181852174,0.0015825446181852174,0.0015825446181852174,0.0015825446181852174,0.00017498813256362894,0.00017498813256362894,0.00017498813256362894,0.00017498813256362894,0.00017498813256362894,0.00017498813256362894,0.00017498813256362894,0.00017498813256362894,0.00017498813256362894,0.00017498813256362894,0.00039068015854833095,0.00039068015854833095,0.00039068015854833095,0.00039068015854833095,0.00039068015854833095,0.00039068015854833095,0.00039068015854833095,0.00039068015854833095,1
0.004139905024120346,0.0011052435809921126,0.0009209328029515042,0.0006750246480665398,0.000488548514943075,0.0006362763638482065,0.0004260672267276034,0.0004404982250225062,0.00041809488946638215,0.00036496238233446593,0.0005785963002416149,0.0010198247146329597,0.0004993656033590037,0.00045782282465310615,0.001064570114413187,0.0017471951505570597,0.0017471951505570597,0.0017471951505570597,0.0017471951505570597,0.0017471951505570597,0.0017471951505570597,0.0017471951505570597,0.0017471951505570597,0.0017471951505570597,0.0017471951505570597,0.0005749834233806744,0.0005749834233806744,0.0005749834233806744,0.0005749834233806744,0.0005749834233806744,0.0005749834233806744,0.0005749834233806744,0.0005749834233806744,0.0005749834233806744,0.0005749834233806744,0.0017530727353377393,0.0017530727353377393,0.0017530727353377393,0.0017530727353377393,0.0017530727353377393,0.0017530727353377393,0.0017530727353377393,0.0017530727353377393,1
0.009512045198936305,0.0008603431851840416,0.0011577080323397484,0.0008523444736530494,0.0005595791625603493,0.0007476525623154152,0.0006325926728262823,0.0005689351642833945,0.0005975781040116338,0.00041683408314288633,0.0007345358922833218,0.0008376630314116206,0.0004586519705263503,0.0007654713110535308,0.0009130131451523445,0.0017297801111892358,0.0017297801111892358,0.0017297801111892358,0.0017297801111892358,0.0017297801111892358,0.0017297801111892358,0.0017297801111892358,0.0017297801111892358,0.0017297801111892358,0.0017297801111892358,0.0003875446760679907,0.0003875446760679907,0.0003875446760679907,0.0003875446760679907,0.0003875446760679907,0.0003875446760679907,0.0003875446760679907,0.0003875446760679907,0.0003875446760679907,0.0003875446760679907,0.0021478217368622893,0.0021478217368622893,0.0021478217368622893,0.0021478217368622893,0.0021478217368622893,0.0021478217368622893,0.0021478217368622893,0.0021478217368622893,1
0.006230755377976987,0.001077908778584211,0.0012614626727766199,0.0009805750121287806,0.0005637524161326441,0.0008057725846348821,0.0007474680931032913,0.0005586176274296127,0.0005382364071322643,0.0005235911864073277,0.0006784521981388874,0.000697852272648517,0.0005046582647533144,0.000916303806875903,0.0004112782398028534,0.0014737399413737304,0.0014737399413737304,0.0014737399413737304,0.0014737399413737304,0.0014737399413737304,0.0014737399413737304,0.0014737399413737304,0.0014737399413737304,0.0014737399413737304,0.0014737399413737304,0.0003975779917685569,0.0003975779917685569,0.0003975779917685569,0.0003975779917685569,0.0003975779917685569,0.0003975779917685569,0.0003975779917685569,0.0003975779917685569,0.0003975779917685569,0.0003975779917685569,0.0026046706826128164,0.0026046706826128164,0.0026046706826128164,0.0026046706826128164,0.0026046706826128164,0.0026046706826128164,0.0026046706826128164,0.0026046706826128164,1
0.006463241556360722,0.0012316810897261025,0.001138962365412543,0.0010637234707095069,0.0006711247001417167,0.0006913384054348481,0.0005529145273784189,0.0005390498697814683,0.00040379519580749113,0.00046545713224436825,0.0006346246479331995,0.000667441621540869,0.0004362251266897801,0.0008840192937200154,0.0008057298536406143,0.0013989999506589389,0.0013989999506589389,0.0013989999506589389,0.0013989999506589389,0.0013989999506589389,0.0013989999506589389,0.0013989999506589389,0.0013989999506589389,0.0013989999506589389,0.0013989999506589389,0.0004380596983441394,0.0004380596983441394,0.0004380596983441394,0.0004380596983441394,0.0004380596983441394,0.0004380596983441394,0.0004380596983441394,0.0004380596983441394,0.0004380596983441394,0.0004380596983441394,0.0018998291902347687,0.0018998291902347687,0.0018998291902347687,0.0018998291902347687,0.0018998291902347687,0.0018998291902347687,0.0018998291902347687,0.0018998291902347687,1
0.00015710437512021872,4.693045237043028e-06,4.3111113654423466e-05,1.4291144909279576e-05,5.234070526301695e-06,0.00020362315680493663,2.9989498598166413e-05,1.2521512148877934e-05,5.278206420823833e-05,8.345222156421801e-06,7.976328764958016e-05,0.0005268537884995099,0.00017006423953540775,8.68789248402628e-05,0.0007657751348353485,0.002109903537353919,0.002109903537353919,0.002109903537353919,0.002109903537353919,0.002109903537353919,0.002109903537353919,0.002109903537353919,0.002109903537353919,0.002109903537353919,0.002109903537353919,0.0005595988978623133,0.0005595988978623133,0.0005595988978623133,0.0005595988978623133,0.0005595988978623133,0.0005595988978623133,0.0005595988978623133,0.0005595988978623133,0.0005595988978623133,0.0005595988978623133,0.0014522849293733772,0.0014522849293733772,0.0014522849293733772,0.0014522849293733772,0.0014522849293733772,0.0014522849293733772,0.0014522849293733772,0.0014522849293733772,1
6.798468930079233e-05,4.3677552277957504e-06,3.997899926950922e-05,5.569037891972401e-06,4.220231104783778e-06,0.00021773972489361947,9.171897189393434e-06,1.3739643277805667e-05,7.619184768726752e-05,1.841923422705837e-05,8.769011256600083e-05,0.00031772359524837957,0.0002657108981797312,0.00012655515009654336,0.0007274566171045381,0.0015133396292559536,0.0015133396292559536,0.0015133396292559536,0.0015133396292559536,0.0015133396292559536,0.0015133396292559536,0.0015133396292559536,0.0015133396292559536,0.0015133396292559536,0.0015133396292559536,0.0004251118557013269,0.0004251118557013269,0.0004251118557013269,0.0004251118557013269,0.0004251118557013269,0.0004251118557013269,0.0004251118557013269,0.0004251118557013269,0.0004251118557013269,0.0004251118557013269,0.0013757237783056041,0.0013757237783056041,0.0013757237783056041,0.0013757237783056041,0.0013757237783056041,0.0013757237783056041,0.0013757237783056041,0.0013757237783056041,1
2.8495859167816414e-05,4.66750481613606e-06,3.2995733135142016e-05,5.633397277318798e-06,4.287371179939857e-06,0.00020286425383225822,9.721425462534463e-06,1.0370077231996232e-05,7.20177836415924e-05,2.8841568831233036e-05,7.112426685196677e-05,0.00030728952203203834,0.0002854267643549997,0.00014737202051575354,0.000700671085348265,0.0018133994041499865,0.0018133994041499865,0.0018133994041499865,0.0018133994041499865,0.0018133994041499865,0.0018133994041499865,0.0018133994041499865,0.0018133994041499865,0.0018133994041499865,0.0018133994041499865,0.00039764577829527514,0.00039764577829527514,0.00039764577829527514,0.00039764577829527514,0.00039764577829527514,0.00039764577829527514,0.00039764577829527514,0.00039764577829527514,0.00039764577829527514,0.00039764577829527514,0.000467539324629487,0.000467539324629487,0.000467539324629487,0.000467539324629487,0.000467539324629487,0.000467539324629487,0.000467539324629487,0.000467539324629487,1
3.628312195403516e-05,4.409420298109738e-06,4.54003756574206e-05,6.792335321638122e-06,7.243922864226188e-06,0.0001983049151085727,1.459108078922862e-05,1.4224830104810636e-05,6.355954112844562e-05,4.387913033049749e-05,3.1589041284021874e-05,0.00034383577106207196,0.0002542423636980072,0.0001060859345640147,0.0007883883370607983,0.001008786405235793,0.001008786405235793,0.001008786405235793,0.001008786405235793,0.001008786405235793,0.001008786405235793,0.001008786405235793,0.001008786405235793,0.001008786405235793,0.001008786405235793,0.00042190137182630594,0.00042190137182630594,0.00042190137182630594,0.00042190137182630594,0.00042190137182630594,0.00042190137182630594,0.00042190137182630594,0.00042190137182630594,0.00042190137182630594,0.00042190137182630594,0.00044454263314349285,0.00044454263314349285,0.00044454263314349285,0.00044454263314349285,0.00044454263314349285,0.00044454263314349285,0.00044454263314349285,0.00044454263314349285,1
0.0006614952557415417,2.133143117038183e-05,0.00014354014441797858,1.850132053416141e-05,1.6862384848269462e-05,0.00012328934340750827,1.9563552064674187e-05,3.0586925698414706e-05,0.00012767087396134747,1.8788169371634414e-05,6.55128339053838e-05,0.00040471879409035736,0.00022842816114619234,0.00018984919026166804,0.0006154912800778046,0.0011787945176440523,0.0011787945176440523,0.0011787945176440523,0.0011787945176440523,0.0011787945176440523,0.0011787945176440523,0.0011787945176440523,0.0011787945176440523,0.0011787945176440523,0.0011787945176440523,0.0005287883355227106,0.0005287883355227106,0.0005287883355227106,0.0005287883355227106,0.0005287883355227106,0.0005287883355227106,0.0005287883355227106,0.0005287883355227106,0.0005287883355227106,0.0005287883355227106,0.000750230408516919,0.000750230408516919,0.000750230408516919,0.000750230408516919,0.000750230408516919,0.000750230408516919,0.000750230408516919,0.000750230408516919,1
8.353853165902372e-05,1.3337747999427388e-05,9.458817356134018e-05,6.4622618804286755e-06,1.0567989844387497e-05,0.00011948644043376899,1.8139527632904945e-05,2.8084138048446305e-05,5.5680828268063824e-05,2.1415518185637182e-05,6.608843033880194e-05,0.00034176513887753464,0.00021484637372880478,0.00017867422962800807,0.0005325693138170506,0.0011622609550037293,0.0011622609550037293,0.0011622609550037293,0.0011622609550037293,0.0011622609550037293,0.0011622609550037293,0.0011622609550037293,0.0011622609550037293,0.0011622609550037293,0.0011622609550037293,0.00028145878053977474,0.00028145878053977474,0.00028145878053977474,0.00028145878053977474,0.00028145878053977474,0.00028145878053977474,0.00028145878053977474,0.00028145878053977474,0.00028145878053977474,0.00028145878053977474,0.0005688441162175096,0.0005688441162175096,0.0005688441162175096,0.0005688441162175096,0.0005688441162175096,0.0005688441162175096,0.0005688441162175096,0.0005688441162175096,1
0.00010342771892694403,1.807304546724378e-05,4.5844094761583736e-05,8.262285144452477e-06,1.3140620979410742e-05,0.00014194385308021235,1.948071327531374e-05,2.5838755622987096e-05,6.147610671879758e-05,3.042836432459247e-05,4.965133411894302e-05,0.0002950327407437778,0.00027514706885655636,0.00010509414603648411,0.0005608285639465556,0.0011927638117356653,0.0011927638117356653,0.0011927638117356653,0.0011927638117356653,0.0011927638117356653,0.0011927638117356653,0.0011927638117356653,0.0011927638117356653,0.0011927638117356653,0.0011927638117356653,0.00024314328813021261,0.00024314328813021261,0.00024314328813021261,0.00024314328813021261,0.00024314328813021261,0.00024314328813021261,0.00024314328813021261,0.00024314328813021261,0.00024314328813021261,0.00024314328813021261,0.00042847734986689085,0.00042847734986689085,0.00042847734986689085,0.00042847734986689085,0.00042847734986689085,0.00042847734986689085,0.00042847734986689085,0.00042847734986689085,1
6.014433787609789e-05,1.347601284175115e-05,2.1792958641593608e-05,1.105638387058534e-05,1.385247533597516e-05,9.804968942299575e-05,2.8335450732149946e-05,2.372207510998146e-05,6.274831126093488e-05,3.280322078617919e-05,4.321347085270531e-05,0.0002520069332721364,0.0002756735501136828,0.00011268925635449498,0.0005797728307355807,0.0012071734130298401,0.0012071734130298401,0.0012071734130298401,0.0012071734130298401,0.0012071734130298401,0.0012071734130298401,0.0012071734130298401,0.0012071734130298401,0.0012071734130298401,0.0012071734130298401,0.00019875179492447468,0.00019875179492447468,0.00019875179492447468,0.00019875179492447468,0.00019875179492447468,0.00019875179492447468,0.00019875179492447468,0.00019875179492447468,0.00019875179492447468,0.00019875179492447468,0.0004304838193003391,0.0004304838193003391,0.0004304838193003391,0.0004304838193003391,0.0004304838193003391,0.0004304838193003391,0.0004304838193003391,0.0004304838193003391,1
0.0002551857757138717,3.0638855453394896e-05,0.00012134155022492246,5.199760614428229e-05,3.273563452281004e-05,0.0001088101198757007,1.8524777265515904e-05,7.252012668159279e-05,9.399748497695634e-05,2.0930444692413648e-05,8.670572844458425e-05,0.0003027892758093996,0.00020665574950478788,0.0001810930271656193,0.0007001113546833997,0.0011657974564712116,0.0011657974564712116,0.0011657974564712116,0.0011657974564712116,0.0011657974564712116,0.0011657974564712116,0.0011657974564712116,0.0011657974564712116,0.0011657974564712116,0.0011657974564712116,0.0004244416976849272,0.0004244416976849272,0.0004244416976849272,0.0004244416976849272,0.0004244416976849272,0.0004244416976849272,0.0004244416976849272,0.0004244416976849272,0.0004244416976849272,0.0004244416976849272,0.0006189934409424411,0.0006189934409424411,0.0006189934409424411,0.0006189934409424411,0.0006189934409424411,0.0006189934409424411,0.0006189934409424411,0.0006189934409424411,1
5.5734598331632374e-05,2.9828580833469276e-05,7.455651330797564e-05,1.4975668775538928e-05,2.079706702503002e-05,9.390822935396637e-05,1.7559570392134728e-05,6.195046922428764e-05,4.870022136602884e-05,1.746901873725402e-05,7.484725242382252e-05,0.00032741391977502684,0.00011040527150912437,0.00014225878960350962,0.0007100258610894839,0.0018935664196633548,0.0018935664196633548,0.0018935664196633548,0.0018935664196633548,0.0018935664196633548,0.0018935664196633548,0.0018935664196633548,0.0018935664196633548,0.0018935664196633548,0.0018935664196633548,0.0003352083198656745,0.0003352083198656745,0.0003352083198656745,0.0003352083198656745,0.0003352083198656745,0.0003352083198656745,0.0003352083198656745,0.0003352083198656745,0.0003352083198656745,0.0003352083198656745,0.0003818678035469687,0.0003818678035469687,0.0003818678035469687,0.0003818678035469687,0.0003818678035469687,0.0003818678035469687,0.0003818678035469687,0.0003818678035469687,1
7.307800676939275e-05,4.156355412828658e-05,9.880059391932675e-05,2.1626997985814545e-05,2.4030239275449642e-05,0.00013003805254890798,2.8978147400903064e-05,8.54912751255465e-05,5.978714984767198e-05,5.844967873128607e-05,5.833784750244498e-05,0.0002999393499663905,0.00026675320488479777,0.00015796996143346576,0.0007174690850392856,0.0011491435966218173,0.0011491435966218173,0.0011491435966218173,0.0011491435966218173,0.0011491435966218173,0.0011491435966218173,0.0011491435966218173,0.0011491435966218173,0.0011491435966218173,0.0011491435966218173,0.000268085559778393,0.000268085559778393,0.000268085559778393,0.000268085559778393,0.000268085559778393,0.000268085559778393,0.000268085559778393,0.000268085559778393,0.000268085559778393,0.000268085559778393,0.0005630995728238798,0.0005630995728238798,0.0005630995728238798,0.0005630995728238798,0.0005630995728238798,0.0005630995728238798,0.0005630995728238798,0.0005630995728238798,1
3.1742504876019384e-05,3.400732001210027e-05,9.476960280540516e-05,1.6983560395094424e-05,2.4982086395112678e-05,9.903691687386559e-05,7.355917013469807e-05,3.3123442428647694e-05,5.25841681782291e-05,4.059454409019549e-05,5.141748649512579e-05,0.0003405515956709044,0.0002022499734284963,0.00017530883877438257,0.0007464967359069315,0.001578904481882383,0.001578904481882383,0.001578904481882383,0.001578904481882383,0.001578904481882383,0.001578904481882383,0.001578904481882383,0.001578904481882383,0.001578904481882383,0.001578904481882383,0.0002416636724531497,0.0002416636724531497,0.0002416636724531497,0.0002416636724531497,0.0002416636724531497,0.0002416636724531497,0.0002416636724531497,0.0002416636724531497,0.0002416636724531497,0.0002416636724531497,0.0005024530320702214,0.0005024530320702214,0.0005024530320702214,0.0005024530320702214,0.0005024530320702214,0.0005024530320702214,0.0005024530320702214,0.0005024530320702214,1
0.00010244502401610169,3.5062771031593455e-05,0.00010297669469445044,4.186710319849701e-05,2.9311091504603825e-05,0.00018443418190616423,3.3546234008112265e-05,3.302530203723373e-05,0.00010344900811549813,4.467479994937356e-05,0.0002813888350106473,0.001420355064835953,0.0002523905603158959,8.326623416148129e-05,0.0006724594479167068,0.0017081879445736403,0.0017081879445736403,0.0017081879445736403,0.0017081879445736403,0.0017081879445736403,0.0017081879445736403,0.0017081879445736403,0.0017081879445736403,0.0017081879445736403,0.0017081879445736403,0.0005054002849561743,0.0005054002849561743,0.0005054002849561743,0.0005054002849561743,0.0005054002849561743,0.0005054002849561743,0.0005054002849561743,0.0005054002849561743,0.0005054002849561743,0.0005054002849561743,0.0011640244689407808,0.0011640244689407808,0.0011640244689407808,0.0011640244689407808,0.0011640244689407808,0.0011640244689407808,0.0011640244689407808,0.0011640244689407808,1
9.52803792948584e-05,3.678180536909432e-05,0.00012871795917924437,3.162990336458243e-05,2.9206273309786273e-05,0.00019875425541744033,3.143875184999482e-05,3.1834572683570014e-05,9.613646457068738e-05,3.9844069556689415e-05,0.0002796339866043612,0.0007486529126299356,0.0001648258049501549,0.00010255458828164331,0.0005299522962919825,0.001707593708120239,0.001707593708120239,0.001707593708120239,0.001707593708120239,0.001707593708120239,0.001707593708120239,0.001707593708120239,0.001707593708120239,0.001707593708120239,0.001707593708120239,0.000691474851921839,0.000691474851921839,0.000691474851921839,0.000691474851921839,0.000691474851921839,0.000691474851921839,0.000691474851921839,0.000691474851921839,0.000691474851921839,0.000691474851921839,0.0006453492599301295,0.0006453492599301295,0.0006453492599301295,0.0006453492599301295,0.0006453492599301295,0.0006453492599301295,0.0006453492599301295,0.0006453492599301295,1
0.00011112082125208753,4.008617862455451e-05,0.00012182887181336754,2.8744981011088987e-05,3.043819488634267e-05,0.0002153998842069819,3.2032309537456337e-05,4.0688007441134135e-05,9.512562909899734e-05,5.738327879993545e-05,0.00024140323695334822,0.0006247650028120527,0.0002027090637097666,9.860169868798037e-05,0.0005103163905746028,0.0017437915169649613,0.0017437915169649613,0.0017437915169649613,0.0017437915169649613,0.0017437915169649613,0.0017437915169649613,0.0017437915169649613,0.0017437915169649613,0.0017437915169649613,0.0017437915169649613,0.0005635585997585073,0.0005635585997585073,0.0005635585997585073,0.0005635585997585073,0.0005635585997585073,0.0005635585997585073,0.0005635585997585073,0.0005635585997585073,0.0005635585997585073,0.0005635585997585073,0.0006344471746673776,0.0006344471746673776,0.0006344471746673776,0.0006344471746673776,0.0006344471746673776,0.0006344471746673776,0.0006344471746673776,0.0006344471746673776,1
8.788116910660561e-05,3.378423911925108e-05,0.00012332304876913136,2.488856282585614e-05,2.6948331726554503e-05,0.00024242098015613505,3.1492518902384266e-05,3.7584714185309326e-05,7.995281848305748e-05,5.342986763700149e-05,0.0002063963811059337,0.0005250412112392704,0.0003111760602631119,0.000118235720780091,0.0005227253756170796,0.0017897267624112695,0.0017897267624112695,0.0017897267624112695,0.0017897267624112695,0.0017897267624112695,0.0017897267624112695,0.0017897267624112695,0.0017897267624112695,0.0017897267624112695,0.0017897267624112695,0.0005384182799766657,0.0005384182799766657,0.0005384182799766657,0.0005384182799766657,0.0005384182799766657,0.0005384182799766657,0.0005384182799766657,0.0005384182799766657,0.0005384182799766657,0.0005384182799766657,0.000529787427588225,0.000529787427588225,0.000529787427588225,0.000529787427588225,0.000529787427588225,0.000529787427588225,0.000529787427588225,0.000529787427588225,1
0.00018693236543966202,1.5420577119376863e-05,1.4135250188278771e-05,1.1747536138101064e-05,2.3772590307866586e-05,5.970635773417314e-05,2.026872667766356e-05,1.903337970183315e-05,4.039121597762821e-05,1.4846790080852887e-05,7.140740858487573e-05,0.00044749301119701595,0.00013628038258836777,0.00011631409637193238,0.0010717700662194267,0.0017838914239274861,0.0017838914239274861,0.0017838914239274861,0.0017838914239274861,0.0017838914239274861,0.0017838914239274861,0.0017838914239274861,0.0017838914239274861,0.0017838914239274861,0.0017838914239274861,0.00026665332710025633,0.00026665332710025633,0.00026665332710025633,0.00026665332710025633,0.00026665332710025633,0.00026665332710025633,0.00026665332710025633,0.00026665332710025633,0.00026665332710025633,0.00026665332710025633,0.000342650063865406,0.000342650063865406,0.000342650063865406,0.000342650063865406,0.000342650063865406,0.000342650063865406,0.000342650063865406,0.000342650063865406,1
4.815670229557568e-05,1.386059967338718e-05,1.1098018483792826e-05,1.1205925940160172e-05,2.4241706040538267e-05,6.688984530007255e-05,1.9312763254333082e-05,2.331345310259936e-05,4.043649744071518e-05,1.3085495529684564e-05,0.00012723507894890138,0.0005889932144506199,0.0002295604071380403,0.0001404163759908732,0.00068951252291589,0.0015274732079526112,0.0015274732079526112,0.0015274732079526112,0.0015274732079526112,0.0015274732079526112,0.0015274732079526112,0.0015274732079526112,0.0015274732079526112,0.0015274732079526112,0.0015274732079526112,0.00039792003325834135,0.00039792003325834135,0.00039792003325834135,0.00039792003325834135,0.00039792003325834135,0.00039792003325834135,0.00039792003325834135,0.00039792003325834135,0.00039792003325834135,0.00039792003325834135,0.00040327956497071944,0.00040327956497071944,0.00040327956497071944,0.00040327956497071944,0.00040327956497071944,0.00040327956497071944,0.00040327956497071944,0.00040327956497071944,1
2.644352286046673e-05,1.9735273028612383e-05,1.8715026869275176e-05,1.0676222998881196e-05,3.217051119511564e-05,7.631355431942193e-05,4.7284549827072255e-05,1.8542596416554534e-05,1.4846624032793633e-05,1.6939976261284373e-05,0.00014413263248226512,0.0003375343703528647,0.00023817492371454822,0.00013194539500123177,0.0010712578685493747,0.0012603027987358475,0.0012603027987358475,0.0012603027987358475,0.0012603027987358475,0.0012603027987358475,0.0012603027987358475,0.0012603027987358475,0.0012603027987358475,0.0012603027987358475,0.0012603027987358475,0.00032111134971582396,0.00032111134971582396,0.00032111134971582396,0.00032111134971582396,0.00032111134971582396,0.00032111134971582396,0.00032111134971582396,0.00032111134971582396,0.00032111134971582396,0.00032111134971582396,0.00039071508311835457,0.00039071508311835457,0.00039071508311835457,0.00039071508311835457,0.00039071508311835457,0.00039071508311835457,0.00039071508311835457,0.00039071508311835457,1
4.218225299079307e-05,1.4456763683115259e-05,1.6900568876466303e-05,9.609513565384039e-06,2.7685404572066776e-05,8.235015171654503e-05,2.5670770450180572e-05,1.790429982854775e-05,1.3348789280268044e-05,1.2315582726526077e-05,0.0001298685365487238,0.0003305275465819153,0.0002687050262712326,9.926535573523874e-05,0.0006846693353423637,0.001375132944590684,0.001375132944590684,0.001375132944590684,0.001375132944590684,0.001375132944590684,0.001375132944590684,0.001375132944590684,0.001375132944590684,0.001375132944590684,0.001375132944590684,0.00033705921043235184,0.00033705921043235184,0.00033705921043235184,0.00033705921043235184,0.00033705921043235184,0.00033705921043235184,0.00033705921043235184,0.00033705921043235184,0.00033705921043235184,0.00033705921043235184,0.00038389944165236896,0.00038389944165236896,0.00038389944165236896,0.00038389944165236896,0.00038389944165236896,0.00038389944165236896,0.00038389944165236896,0.00038389944165236896,1
7.236878471950672e-05,0.00014329190948404136,0.00010831290139268498,3.152201368879884e-05,0.00010183028414368252,8.28086652597451e-05,5.2601675503369176e-05,6.097524285210691e-05,3.0618911396292404e-05,0.00010771156799614296,0.000279862209645892,0.0003856419580981957,0.00021185803011481328,0.00013186728016119215,0.0009736529638223225,0.0017381654119902762,0.0017381654119902762,0.0017381654119902762,0.0017381654119902762,0.0017381654119902762,0.0017381654119902762,0.0017381654119902762,0.0017381654119902762,0.0017381654119902762,0.0017381654119902762,0.0006219045066499665,0.0006219045066499665,0.0006219045066499665,0.0006219045066499665,0.0006219045066499665,0.0006219045066499665,0.0006219045066499665,0.0006219045066499665,0.0006219045066499665,0.0006219045066499665,0.0004922637052264478,0.0004922637052264478,0.0004922637052264478,0.0004922637052264478,0.0004922637052264478,0.0004922637052264478,0.0004922637052264478,0.0004922637052264478,1
5.7559557568672855e-05,0.00018252215782799914,0.00012747298842873386,3.9598452027114635e-05,0.00011321066131295171,8.229648329597044e-05,4.7469250571555484e-05,5.398912035034644e-05,3.60737471375205e-05,0.00014073292881549174,0.000439812884034555,0.0002570810359634791,0.0002707470240068587,0.00013800194546869098,0.0006888017645678836,0.001273135626298694,0.001273135626298694,0.001273135626298694,0.001273135626298694,0.001273135626298694,0.001273135626298694,0.001273135626298694,0.001273135626298694,0.001273135626298694,0.001273135626298694,0.0005807629607158998,0.0005807629607158998,0.0005807629607158998,0.0005807629607158998,0.0005807629607158998,0.0005807629607158998,0.0005807629607158998,0.0005807629607158998,0.0005807629607158998,0.0005807629607158998,0.0003607984385633269,0.0003607984385633269,0.0003607984385633269,0.0003607984385633269,0.0003607984385633269,0.0003607984385633269,0.0003607984385633269,0.0003607984385633269,1
7.108425975279668e-05,0.00018444627944059667,8.523914245821206e-05,2.6334942137488405e-05,0.00012576827169138302,7.464664935831792e-05,5.164072533808094e-05,4.4938013172413886e-05,3.644348051280974e-05,0.00014958557877648275,0.00039847288590635433,0.0003679246901615551,0.00018365926937607028,5.025462559422327e-05,0.0008375856897782343,0.0017952704159522842,0.0017952704159522842,0.0017952704159522842,0.0017952704159522842,0.0017952704159522842,0.0017952704159522842,0.0017952704159522842,0.0017952704159522842,0.0017952704159522842,0.0017952704159522842,0.0004472106319136502,0.0004472106319136502,0.0004472106319136502,0.0004472106319136502,0.0004472106319136502,0.0004472106319136502,0.0004472106319136502,0.0004472106319136502,0.0004472106319136502,0.0004472106319136502,0.00037796935934936805,0.00037796935934936805,0.00037796935934936805,0.00037796935934936805,0.00037796935934936805,0.00037796935934936805,0.00037796935934936805,0.00037796935934936805,1
4.143464428781452e-05,0.0001469732712704036,0.00011523790384921389,4.713423238844375e-05,6.858493638518835e-05,7.45921436911858e-05,6.139705462722102e-05,6.304645991177898e-05,4.5133782316775606e-05,0.0001295882695219554,0.00027362710206775955,0.0003532529749600498,0.00021830253951114222,7.58154481370584e-05,0.0009563530523532444,0.001777161193151103,0.001777161193151103,0.001777161193151103,0.001777161193151103,0.001777161193151103,0.001777161193151103,0.001777161193151103,0.001777161193151103,0.001777161193151103,0.001777161193151103,0.0005301354573925055,0.0005301354573925055,0.0005301354573925055,0.0005301354573925055,0.0005301354573925055,0.0005301354573925055,0.0005301354573925055,0.0005301354573925055,0.0005301354573925055,0.0005301354573925055,0.0004085604362675414,0.0004085604362675414,0.0004085604362675414,0.0004085604362675414,0.0004085604362675414,0.0004085604362675414,0.0004085604362675414,0.0004085604362675414,1
0.0003837042317017827,4.2847145017144375e-05,0.00014577120060152551,4.5353429569379306e-05,4.819417407859902e-05,9.661495225027411e-05,2.5264091701548137e-05,8.241079278442675e-05,4.0288762742773385e-05,3.7190697491041284e-05,0.00038911553856443333,0.00036448303421528347,0.0001545093724901133,0.00014648826280598236,0.0008779782599018225,0.001488042943734204,0.001488042943734204,0.001488042943734204,0.001488042943734204,0.001488042943734204,0.001488042943734204,0.001488042943734204,0.001488042943734204,0.001488042943734204,0.001488042943734204,0.0006370745165286741,0.0006370745165286741,0.0006370745165286741,0.0006370745165286741,0.0006370745165286741,0.0006370745165286741,0.0006370745165286741,0.0006370745165286741,0.0006370745165286741,0.0006370745165286741,0.0005886858774184472,0.0005886858774184472,0.0005886858774184472,0.0005886858774184472,0.0005886858774184472,0.0005886858774184472,0.0005886858774184472,0.0005886858774184472,1
7.512034957332202e-05,2.924169965391725e-05,0.000143455072194474,2.5271096291445757e-05,3.5023360461853013e-05,8.219808488150826e-05,2.228405401076603e-05,7.758484913445635e-05,7.227610388200681e-05,2.984230691644856e-05,0.00033019291686225163,0.0002950878026426634,0.00023806134363563232,0.00014789261784249301,0.0005455387477658808,0.0015046405552546123,0.0015046405552546123,0.0015046405552546123,0.0015046405552546123,0.0015046405552546123,0.0015046405552546123,0.0015046405552546123,0.0015046405552546123,0.0015046405552546123,0.0015046405552546123,0.00035858881331906077,0.00035858881331906077,0.00035858881331906077,0.00035858881331906077,0.00035858881331906077,0.00035858881331906077,0.00035858881331906077,0.00035858881331906077,0.00035858881331906077,0.00035858881331906077,0.0005390444142022964,0.0005390444142022964,0.0005390444142022964,0.0005390444142022964,0.0005390444142022964,0.0005390444142022964,0.0005390444142022964,0.0005390444142022964,1
2.3467869632249378e-05,3.592292135068837e-05,0.00010560577670291947,2.6086706747039832e-05,3.851525342930723e-05,7.709308286229725e-05,2.3797823691119648e-05,7.345139094122987e-05,5.5828859130306245e-05,3.408246933144433e-05,0.00041460219781220127,0.0003453748157590067,0.0002294826630374711,0.00010041721838702791,0.0006238891949208373,0.001179076126713451,0.001179076126713451,0.001179076126713451,0.001179076126713451,0.001179076126713451,0.001179076126713451,0.001179076126713451,0.001179076126713451,0.001179076126713451,0.001179076126713451,0.00032940596253439486,0.00032940596253439486,0.00032940596253439486,0.00032940596253439486,0.00032940596253439486,0.00032940596253439486,0.00032940596253439486,0.00032940596253439486,0.00032940596253439486,0.00032940596253439486,0.0004610730811392838,0.0004610730811392838,0.0004610730811392838,0.0004610730811392838,0.0004610730811392838,0.0004610730811392838,0.0004610730811392838,0.0004610730811392838,1
8.921135141190035e-05,3.4712747928051804e-05,0.0001203621510987244,2.2339088226314947e-05,3.687568776849798e-05,9.727817251396599e-05,2.196355809555394e-05,6.757890832245974e-05,6.552371347764856e-05,3.12638546781937e-05,0.000407297545893341,0.00034446081064062553,0.00019401960706423308,0.00015039330584122956,0.0007626631510177763,0.0012790331099091733,0.0012790331099091733,0.0012790331099091733,0.0012790331099091733,0.0012790331099091733,0.0012790331099091733,0.0012790331099091733,0.0012790331099091733,0.0012790331099091733,0.0012790331099091733,0.0003474651929489213,0.0003474651929489213,0.0003474651929489213,0.0003474651929489213,0.0003474651929489213,0.0003474651929489213,0.0003474651929489213,0.0003474651929489213,0.0003474651929489213,0.0003474651929489213,0.00044916831521745344,0.00044916831521745344,0.00044916831521745344,0.00044916831521745344,0.00044916831521745344,0.00044916831521745344,0.00044916831521745344,0.00044916831521745344,1
0.00046555210812780927,2.683456946456352e-06,3.491182009197497e-05,6.046645884647176e-06,4.179829382371625e-06,9.783694430871663e-05,2.0643351916662913e-05,1.311171520139091e-05,4.177291750168815e-05,1.2629015795491365e-05,9.010338790818451e-05,0.0004634006313375376,0.00020691831864746768,0.0001232338116158871,0.0007383527428235332,0.001512710441698747,0.001512710441698747,0.001512710441698747,0.001512710441698747,0.001512710441698747,0.001512710441698747,0.001512710441698747,0.001512710441698747,0.001512710441698747,0.001512710441698747,0.0006171486816775115,0.0006171486816775115,0.0006171486816775115,0.0006171486816775115,0.0006171486816775115,0.0006171486816775115,0.0006171486816775115,0.0006171486816775115,0.0006171486816775115,0.0006171486816775115,0.0005619618803988004,0.0005619618803988004,0.0005619618803988004,0.0005619618803988004,0.0005619618803988004,0.0005619618803988004,0.0005619618803988004,0.0005619618803988004,1
3.2812876975331395e-05,2.1360106967930962e-06,2.115384472422008e-05,6.575434580630397e-06,4.4410214652540664e-06,9.130371911854671e-05,2.0567804875486374e-05,1.2397886709734643e-05,3.852844274426023e-05,1.837671188194699e-05,8.36593292673996e-05,0.00025013412752578204,0.00022942782116365862,0.0001323156180656328,0.0006941090332137304,0.0014484137653471938,0.0014484137653471938,0.0014484137653471938,0.0014484137653471938,0.0014484137653471938,0.0014484137653471938,0.0014484137653471938,0.0014484137653471938,0.0014484137653471938,0.0014484137653471938,0.0004440649336733305,0.0004440649336733305,0.0004440649336733305,0.0004440649336733305,0.0004440649336733305,0.0004440649336733305,0.0004440649336733305,0.0004440649336733305,0.0004440649336733305,0.0004440649336733305,0.0004487413907588915,0.0004487413907588915,0.0004487413907588915,0.0004487413907588915,0.0004487413907588915,0.0004487413907588915,0.0004487413907588915,0.0004487413907588915,1
4.0395914277745575e-05,2.797770414655118e-06,3.397521796168812e-05,7.535054348741852e-06,4.963381142810666e-06,7.101620388726541e-05,3.125457032717635e-05,1.0472365553641504e-05,2.4793462884513977e-05,1.6599863741233113e-05,7.160780528156536e-05,0.0002630479295540936,0.0002360517231150696,7.428042308662926e-05,0.0007289196505964171,0.0014504809362805959,0.0014504809362805959,0.0014504809362805959,0.0014504809362805959,0.0014504809362805959,0.0014504809362805959,0.0014504809362805959,0.0014504809362805959,0.0014504809362805959,0.0014504809362805959,0.0004213814592045211,0.0004213814592045211,0.0004213814592045211,0.0004213814592045211,0.0004213814592045211,0.0004213814592045211,0.0004213814592045211,0.0004213814592045211,0.0004213814592045211,0.0004213814592045211,0.0003742085099287277,0.0003742085099287277,0.0003742085099287277,0.0003742085099287277,0.0003742085099287277,0.0003742085099287277,0.0003742085099287277,0.0003742085099287277,1
3.927569697373762e-05,1.868820160693845e-05,3.4811589321745344e-05,2.0295449395438093e-05,1.8918985958962326e-05,8.99974740436024e-05,3.746897996912908e-05,2.4935311308524902e-05,2.8320888061184516e-05,2.497776785105331e-05,6.638288685715832e-05,0.00027840647286326035,0.000176308812882048,4.830408205789371e-05,0.0007353113201967398,0.0014614617317900605,0.0014614617317900605,0.0014614617317900605,0.0014614617317900605,0.0014614617317900605,0.0014614617317900605,0.0014614617317900605,0.0014614617317900605,0.0014614617317900605,0.0014614617317900605,0.00039589406843976404,0.00039589406843976404,0.00039589406843976404,0.00039589406843976404,0.00039589406843976404,0.00039589406843976404,0.00039589406843976404,0.00039589406843976404,0.00039589406843976404,0.00039589406843976404,0.0005237519630655745,0.0005237519630655745,0.0005237519630655745,0.0005237519630655745,0.0005237519630655745,0.0005237519630655745,0.0005237519630655745,0.0005237519630655745,1
0.0008900285934465596,0.00011336590079186822,0.00010879762764463987,3.619559875555436e-05,0.00011563945472560577,0.0002275425993724673,5.302031660516501e-05,0.0001228087421088064,0.00024399758705666858,6.722334872425973e-05,0.00021748798395015948,0.0005168766616990962,0.0002425699242095976,0.00018196782645952682,0.0009225428351321145,0.0012467712065655587,0.0012467712065655587,0.0012467712065655587,0.0012467712065655587,0.0012467712065655587,0.0012467712065655587,0.0012467712065655587,0.0012467712065655587,0.0012467712065655587,0.0012467712065655587,0.0005965837763288289,0.0005965837763288289,0.0005965837763288289,0.0005965837763288289,0.0005965837763288289,0.0005965837763288289,0.0005965837763288289,0.0005965837763288289,0.0005965837763288289,0.0005965837763288289,0.0015583467816788587,0.0015583467816788587,0.0015583467816788587,0.0015583467816788587,0.0015583467816788587,0.0015583467816788587,0.0015583467816788587,0.0015583467816788587,1
5.3372729109016106e-05,0.00010068676565486056,9.477143915530894e-05,2.7881191426860538e-05,0.00010376173734242927,0.00020179225378131018,3.9883938471722715e-05,0.00011055265702038187,0.0002011535773419502,6.032175079064281e-05,0.0001386348212336167,0.0003234594273648039,0.00023749947939453447,0.00016483391647009973,0.0007142399148733786,0.0013398136498768713,0.0013398136498768713,0.0013398136498768713,0.0013398136498768713,0.0013398136498768713,0.0013398136498768713,0.0013398136498768713,0.0013398136498768713,0.0013398136498768713,0.0013398136498768713,0.0003703232203408289,0.0003703232203408289,0.0003703232203408289,0.0003703232203408289,0.0003703232203408289,0.0003703232203408289,0.0003703232203408289,0.0003703232203408289,0.0003703232203408289,0.0003703232203408289,0.0013492613742439959,0.0013492613742439959,0.0013492613742439959,0.0013492613742439959,0.0013492613742439959,0.0013492613742439959,0.0013492613742439959,0.0013492613742439959,1
7.75764408150876e-05,0.00010218503461668486,7.841598231268736e-05,3.1811124412066286e-05,0.00010569714385572132,0.0001441444594946416,5.6033208542682814e-05,0.00010420211802849922,0.0001718045193220903,7.151638225037539e-05,0.00014463899364946934,0.0003066298829786952,0.00024029649569803213,0.00015545735934633173,0.0007129444219111851,0.0014180533803564205,0.0014180533803564205,0.0014180533803564205,0.0014180533803564205,0.0014180533803564205,0.0014180533803564205,0.0014180533803564205,0.0014180533803564205,0.0014180533803564205,0.0014180533803564205,0.0004321584071309981,0.0004321584071309981,0.0004321584071309981,0.0004321584071309981,0.0004321584071309981,0.0004321584071309981,0.0004321584071309981,0.0004321584071309981,0.0004321584071309981,0.0004321584071309981,0.0011667016589405879,0.0011667016589405879,0.0011667016589405879,0.0011667016589405879,0.0011667016589405879,0.0011667016589405879,0.0011667016589405879,0.0011667016589405879,1
7.515326278190728e-05,8.237024477467343e-05,7.155497362086068e-05,2.646525560083623e-05,8.420676828880776e-05,0.00019279167577448538,4.7586046153466446e-05,7.912251405491141e-05,0.00013193991025294878,5.507401935368347e-05,0.00011212497539374825,0.00027995184339846946,0.00021399977068084394,0.0001123910399673359,0.0008387865353702017,0.0014819823865839246,0.0014819823865839246,0.0014819823865839246,0.0014819823865839246,0.0014819823865839246,0.0014819823865839246,0.0014819823865839246,0.0014819823865839246,0.0014819823865839246,0.0014819823865839246,0.00040928857530323794,0.00040928857530323794,0.00040928857530323794,0.00040928857530323794,0.00040928857530323794,0.00040928857530323794,0.00040928857530323794,0.00040928857530323794,0.00040928857530323794,0.00040928857530323794,0.0008945518982514514,0.0008945518982514514,0.0008945518982514514,0.0008945518982514514,0.0008945518982514514,0.0008945518982514514,0.0008945518982514514,0.0008945518982514514,1
0.0002045974317611472,2.3124527283346174e-05,0.00010944072043786065,3.557719533350999e-05,2.3625675318269064e-05,0.00011832538082761,1.7171813800975445e-05,4.4644596626827446e-05,0.00010393847294620422,3.3622922779519325e-05,0.0001382343385508591,0.0004044760409667681,0.00015211967383999545,0.00025062577030055954,0.0006134359288051568,0.0012619180623376664,0.0012619180623376664,0.0012619180623376664,0.0012619180623376664,0.0012619180623376664,0.0012619180623376664,0.0012619180623376664,0.0012619180623376664,0.0012619180623376664,0.0012619180623376664,0.0011509481239374447,0.0011509481239374447,0.0011509481239374447,0.0011509481239374447,0.0011509481239374447,0.0011509481239374447,0.0011509481239374447,0.0011509481239374447,0.0011509481239374447,0.0011509481239374447,0.0007742169565109808,0.0007742169565109808,0.0007742169565109808,0.0007742169565109808,0.0007742169565109808,0.0007742169565109808,0.0007742169565109808,0.0007742169565109808,1
4.20465755472102e-05,2.0844056520785233e-05,6.570695332375304e-05,6.100717194049593e-06,1.9992652905912848e-05,0.00013646695823403213,2.547857947262519e-05,4.220688996305256e-05,7.891132088084039e-05,2.5102013616298723e-05,0.00014670753753991066,0.00029647655409958067,0.00016475342361758685,0.00021074537605552057,0.0005482752858142856,0.0011567261885837583,0.0011567261885837583,0.0011567261885837583,0.0011567261885837583,0.0011567261885837583,0.0011567261885837583,0.0011567261885837583,0.0011567261885837583,0.0011567261885837583,0.0011567261885837583,0.0011841722964181544,0.0011841722964181544,0.0011841722964181544,0.0011841722964181544,0.0011841722964181544,0.0011841722964181544,0.0011841722964181544,0.0011841722964181544,0.0011841722964181544,0.0011841722964181544,0.0006156620170590991,0.0006156620170590991,0.0006156620170590991,0.0006156620170590991,0.0006156620170590991,0.0006156620170590991,0.0006156620170590991,0.0006156620170590991,1
4.691174601706716e-05,1.9112008635086823e-05,7.531779161457334e-05,7.477294811001477e-06,1.9848173360377035e-05,0.00012661937676765572,4.193446911699373e-05,4.048528144241787e-05,6.723236037005508e-05,4.5731425682606406e-05,0.0001058089508784256,0.0002829117763938714,0.00020227660913914455,0.0001770044330122711,0.0005572754498389318,0.0012709721627699273,0.0012709721627699273,0.0012709721627699273,0.0012709721627699273,0.0012709721627699273,0.0012709721627699273,0.0012709721627699273,0.0012709721627699273,0.0012709721627699273,0.0012709721627699273,0.0012791848277829796,0.0012791848277829796,0.0012791848277829796,0.0012791848277829796,0.0012791848277829796,0.0012791848277829796,0.0012791848277829796,0.0012791848277829796,0.0012791848277829796,0.0012791848277829796,0.0004612247795884521,0.0004612247795884521,0.0004612247795884521,0.0004612247795884521,0.0004612247795884521,0.0004612247795884521,0.0004612247795884521,0.0004612247795884521,1
1.8050940535237093e-05,1.5228603732700679e-05,8.908749448522716e-05,6.88552789888808e-06,1.5664441573759408e-05,0.0001403424861889983,2.6821416991158443e-05,3.044998718317133e-05,5.3873964095952734e-05,3.454638227003947e-05,0.00014418762506912807,0.0002647353204072515,0.0002580258222512007,0.00012936489036804964,0.000706215715340337,0.0013208501452436512,0.0013208501452436512,0.0013208501452436512,0.0013208501452436512,0.0013208501452436512,0.0013208501452436512,0.0013208501452436512,0.0013208501452436512,0.0013208501452436512,0.0013208501452436512,0.0013498870780922017,0.0013498870780922017,0.0013498870780922017,0.0013498870780922017,0.0013498870780922017,0.0013498870780922017,0.0013498870780922017,0.0013498870780922017,0.0013498870780922017,0.0013498870780922017,0.0004229061759408526,0.0004229061759408526,0.0004229061759408526,0.0004229061759408526,0.0004229061759408526,0.0004229061759408526,0.0004229061759408526,0.0004229061759408526,1
0.00014966191480266032,0.00015422841130582676,0.0003747633852598262,0.00010863626871447378,0.00019616089817381271,0.0002393902481842645,6.328985826608014e-05,0.0002634725339060145,0.00012368541235508162,8.172323429590377e-05,0.0004165502174061224,0.000370968474586943,0.0002288591981204416,0.0002983771344472668,0.0006301052484597578,0.001004254217321908,0.001004254217321908,0.001004254217321908,0.001004254217321908,0.001004254217321908,0.001004254217321908,0.001004254217321908,0.001004254217321908,0.001004254217321908,0.001004254217321908,0.000809632227850927,0.000809632227850927,0.000809632227850927,0.000809632227850927,0.000809632227850927,0.000809632227850927,0.000809632227850927,0.000809632227850927,0.000809632227850927,0.000809632227850927,0.0016584948926933426,0.0016584948926933426,0.0016584948926933426,0.0016584948926933426,0.0016584948926933426,0.0016584948926933426,0.0016584948926933426,0.0016584948926933426,1
8.275021268991743e-05,0.0001390480081565447,0.00033206516908243635,6.732215207602215e-05,0.00018315714278309,0.0002086127429044785,6.845474751248388e-05,0.00022934113412963254,0.0001334851931543237,7.449715374905074e-05,0.0003336355944521878,0.00036541003617293594,0.0002230527929898294,0.0002223414688659979,0.0004959384181646836,0.0009010865547297054,0.0009010865547297054,0.0009010865547297054,0.0009010865547297054,0.0009010865547297054,0.0009010865547297054,0.0009010865547297054,0.0009010865547297054,0.0009010865547297054,0.0009010865547297054,0.00047106371128533616,0.00047106371128533616,0.00047106371128533616,0.00047106371128533616,0.00047106371128533616,0.00047106371128533616,0.00047106371128533616,0.00047106371128533616,0.00047106371128533616,0.00047106371128533616,0.0015679171752191034,0.0015679171752191034,0.0015679171752191034,0.0015679171752191034,0.0015679171752191034,0.0015679171752191034,0.0015679171752191034,0.0015679171752191034,1
8.36217479528019e-05,0.0001465318024821324,0.0003165945427496215,6.184742151223243e-05,0.00019568722365739466,0.00021052755870826407,6.792300289418852e-05,0.00024467289263528104,0.00013347577551785334,6.871984713458911e-05,0.00036889535650312763,0.0003362972151601506,0.00023368135515433564,0.00028789058916881574,0.00048612934609720273,0.0010672668219553732,0.0010672668219553732,0.0010672668219553732,0.0010672668219553732,0.0010672668219553732,0.0010672668219553732,0.0010672668219553732,0.0010672668219553732,0.0010672668219553732,0.0010672668219553732,0.0004319145478320727,0.0004319145478320727,0.0004319145478320727,0.0004319145478320727,0.0004319145478320727,0.0004319145478320727,0.0004319145478320727,0.0004319145478320727,0.0004319145478320727,0.0004319145478320727,0.0015699391887736718,0.0015699391887736718,0.0015699391887736718,0.0015699391887736718,0.0015699391887736718,0.0015699391887736718,0.0015699391887736718,0.0015699391887736718,1
9.228180823691284e-05,0.00014137373152331122,0.00029683802458976816,8.195812388773445e-05,0.0001837430594513121,0.00021872874620439679,8.914190973724951e-05,0.0002366484891816607,0.00013267897805731098,8.730325024278659e-05,0.00030203926236751876,0.0003610652666292186,0.00021893928120464385,0.0002288360495732701,0.0006339954576157553,0.0010176165028731188,0.0010176165028731188,0.0010176165028731188,0.0010176165028731188,0.0010176165028731188,0.0010176165028731188,0.0010176165028731188,0.0010176165028731188,0.0010176165028731188,0.0010176165028731188,0.00043334106376744576,0.00043334106376744576,0.00043334106376744576,0.00043334106376744576,0.00043334106376744576,0.00043334106376744576,0.00043334106376744576,0.00043334106376744576,0.00043334106376744576,0.00043334106376744576,0.0015181610051145543,0.0015181610051145543,0.0015181610051145543,0.0015181610051145543,0.0015181610051145543,0.0015181610051145543,0.0015181610051145543,0.0015181610051145543,1
0.00017719358459403802,5.4839213986561944e-05,0.00038356674967603973,0.0007363409101996566,0.0012646189511570692,0.0003776566899428928,0.0005361100669532454,0.00042675383476241364,0.0017482463832189613,0.0006951877367458479,0.0010184745306270593,0.0011338896234782813,0.0008158722778403491,0.001389346151425333,0.0013406594621362409,0.0016137201884264512,0.0016137201884264512,0.0016137201884264512,0.0016137201884264512,0.0016137201884264512,0.0016137201884264512,0.0016137201884264512,0.0016137201884264512,0.0016137201884264512,0.0016137201884264512,0.00035917025807448416,0.00035917025807448416,0.00035917025807448416,0.00035917025807448416,0.00035917025807448416,0.00035917025807448416,0.00035917025807448416,0.00035917025807448416,0.00035917025807448416,0.00035917025807448416,0.010335128773493968,0.010335128773493968,0.010335128773493968,0.010335128773493968,0.010335128773493968,0.010335128773493968,0.010335128773493968,0.010335128773493968,0
0.0003147089267762588,5.7147304037890256e-05,0.0001908285388772045,0.0007696715124206285,0.00043999953812664535,0.0004038689252562424,0.0003338863345481078,0.000246443668468986,0.0025430604094860477,0.000970352750220166,0.0011692196861268968,0.0006521694171808801,0.0005425848340271314,0.001117239517774127,0.0007593741258340959,0.0007839062950345782,0.0007839062950345782,0.0007839062950345782,0.0007839062950345782,0.0007839062950345782,0.0007839062950345782,0.0007839062950345782,0.0007839062950345782,0.0007839062950345782,0.0007839062950345782,0.00022226033569175635,0.00022226033569175635,0.00022226033569175635,0.00022226033569175635,0.00022226033569175635,0.00022226033569175635,0.00022226033569175635,0.00022226033569175635,0.00022226033569175635,0.00022226033569175635,0.0005015667410419816,0.0005015667410419816,0.0005015667410419816,0.0005015667410419816,0.0005015667410419816,0.0005015667410419816,0.0005015667410419816,0.0005015667410419816,0
0.00014982348317657017,5.386040471140425e-05,0.00018960357171591449,0.0008275236958333248,0.000432634897903226,0.00029310670405063936,0.0002908390105570388,0.00023572409640355005,0.0020712863780903866,0.0012449215178007896,0.0008922866833467693,0.0005622562604509793,0.00044961220553909085,0.0008602331949081842,0.000581173810755249,0.0008975863139830334,0.0008975863139830334,0.0008975863139830334,0.0008975863139830334,0.0008975863139830334,0.0008975863139830334,0.0008975863139830334,0.0008975863139830334,0.0008975863139830334,0.0008975863139830334,0.000228558454587602,0.000228558454587602,0.000228558454587602,0.000228558454587602,0.000228558454587602,0.000228558454587602,0.000228558454587602,0.000228558454587602,0.000228558454587602,0.000228558454587602,0.0003084276973871493,0.0003084276973871493,0.0003084276973871493,0.0003084276973871493,0.0003084276973871493,0.0003084276973871493,0.0003084276973871493,0.0003084276973871493,0
0.00015586037345517994,4.451381324152737e-05,0.00016548872839919297,0.0008332793975691765,0.00044422235769628186,0.00024162190164922262,0.0002677286413026842,0.0002164755387401653,0.0014288669847596584,0.0016656048992948714,0.0007666274131487437,0.0005286712988708843,0.0006350206959304353,0.0006895030124393401,0.0005164981743713499,0.0010718541181006492,0.0010718541181006492,0.0010718541181006492,0.0010718541181006492,0.0010718541181006492,0.0010718541181006492,0.0010718541181006492,0.0010718541181006492,0.0010718541181006492,0.0010718541181006492,0.00033408185122077753,0.00033408185122077753,0.00033408185122077753,0.00033408185122077753,0.00033408185122077753,0.00033408185122077753,0.00033408185122077753,0.00033408185122077753,0.00033408185122077753,0.00033408185122077753,0.0002489883006231505,0.0002489883006231505,0.0002489883006231505,0.0002489883006231505,0.0002489883006231505,0.0002489883006231505,0.0002489883006231505,0.0002489883006231505,0
