0.00012845669157040917,3.581731081251416e-06,6.817080503895655e-05,2.876848246071723e-05,4.713130428292685e-06,7.28545600426459e-05,2.294847327059589e-05,1.3372985053282106e-05,7.936900767735974e-05,9.416803863441179e-06,6.150819199263832e-05,0.00047402975075817123,0.00014988830153600042,0.0001813909471426589,0.0007409458599528611,0.0012285229430034884,0.00022712845554778005,0.0007096351215411901,9.66831968900244e-05,0.0002391288201176532,0.00024074209746619295,0.00043943376803806433,0.0004067985985689608,0.0001954782755834205,0.00034969205699737175,0.0002906251223682868,0.0007942057171382016,0.0006441006877403237,0.0010704756091162778,0.0005929225426590538,0.00044243460122616625,0.000766284017624242,0.0007342118857805659,0.001310026154880007,0.0005122698249080072,0.00035452774162077064,0.0005666378465073728,0.002591684751233323,0.010499740054167312,0.006188645838839146,0.0016796631716417853,0.0034444971818729992,0.0019505193070638131,1
2.4720729159699976e-05,2.830594033568766e-06,5.165183869977303e-05,6.616842196141137e-06,4.527436427917907e-06,6.863904157304879e-05,2.7132509777841153e-05,2.158718571645776e-05,5.4831957403077225e-05,8.374984555126693e-06,7.831285361366141e-05,0.00036615293952354096,0.00019046471882590667,9.681288052288028e-05,0.0006609564932034896,0.0014804932718016028,0.00021297975390231562,0.0008147850649751856,0.00013601018631599946,0.0001908074082352588,0.0005065066123330192,0.0002399381956332572,0.00033945671867414073,0.00029170517692633086,0.0002671472146051311,0.0001835658451342778,0.0013521880242030751,0.0006052434827162076,0.0005055011784192671,0.00039989958199592633,0.0005068519527568624,0.0005435429710134532,0.0011153946681173661,0.00068569191696202,0.0006370096646443671,0.0003871584497939281,0.001240518333846987,0.0045972358395743994,0.011994506931547697,0.00703239630387137,0.00359020648664793,0.0026374022959026865,0.001795642813943156,1
3.181926496419428e-05,3.2799390983253596e-06,1.5662472642379228e-05,6.367713894333029e-06,6.289462509304079e-06,7.547092692586814e-05,2.7031975213026634e-05,1.6597575132274613e-05,5.8816567013107826e-05,2.46456295764809e-05,5.455010774216667e-05,0.0003799943438451076,0.0002092802317971328,4.997157033138009e-05,0.0007013527984760429,0.0009645286750507824,0.0001933716169267084,0.0008859054103838595,0.0001756241332111487,0.00013622399768362215,0.0003377672475771666,0.00022907699189096993,0.00026601085308806477,0.00025797933226438195,0.00024273552227848774,0.0001679845005416902,0.0011650983142039528,0.0005744476720348401,0.0004312115002571043,0.0003298385494189235,0.0004060921354629585,0.000440671664126319,0.0009020136975309663,0.0006018102491626325,0.0005064826613371157,0.0003977492011744,0.0009792481036799078,0.004514650330937256,0.008344789185867087,0.00764579514209275,0.0020471550002768893,0.001995016485237408,0.0017879052859973508,1
3.402546691346302e-05,3.2469407447502537e-06,8.039941029201984e-06,6.267870106213876e-06,4.537794732021459e-06,9.068930477004136e-05,3.4621637427061945e-05,1.7930895185327506e-05,5.151193340024107e-05,2.4522587541658392e-05,5.6114827195247275e-05,0.00037326938024932093,0.00020794418357296648,5.96181154888004e-05,0.000726516407706962,0.0015559926675618367,0.00018517049654461618,0.0007058290446020565,0.00015779074623031194,0.00015784528502351677,0.00027421144148463884,0.00029914793563254614,0.0003474213631175275,0.00030680374114472786,0.00013239665302542945,0.00021630230278152043,0.0011671871080563981,0.0005172207202096245,0.000366253792234673,0.0003917137724709548,0.00043404838749508623,0.0005255128393866015,0.0009045448715208743,0.0006714080434026718,0.0005012521034163972,0.0005357647912296313,0.000710535603856712,0.00464415574042666,0.013424197235057476,0.005853274390964008,0.0018355288883370102,0.001447118007506339,0.001698756577226203,1
7.29746621927558e-05,8.993433947447774e-06,0.00013627627603146256,1.9011244082673166e-05,6.763795469481231e-06,7.397247333509049e-05,1.4440738490988353e-05,1.8005589841377592e-05,2.2104448269698657e-05,2.1332390100667672e-05,8.151825853258018e-05,0.0003536206164169197,0.0002832799847078728,0.00015781437389811848,0.000725395365657234,0.0013013442892868168,0.00021475771349775056,0.0007347643827983168,0.0001254868802600606,0.00016017352644880268,0.0002456094731982517,0.0002747673863475441,0.0005289095956677492,0.0003735847524725668,0.0005104253781632855,0.0005926917871025552,0.0012019810972889575,0.0014923339541969285,0.0017851933010105592,0.0013226269655398505,0.0009277984196911977,0.0006876440564195692,0.001032125021580374,0.0016098855846309382,0.001143994670199299,0.00036368638523483167,0.0006870881065937186,0.004757624903690433,0.011124389750072364,0.006151327374279842,0.001151138537132874,0.0024151753713397093,0.001866428309801835,1
3.083307516064713e-05,9.05453806111173e-06,0.00011811051098567564,1.1916677420339996e-05,6.557342062087008e-06,8.75873918811554e-05,1.7473091120834463e-05,1.8704453555124264e-05,1.793139756791235e-05,9.899043454488412e-06,7.977977041963299e-05,0.0003012378142300932,0.00022635696258920253,0.0001352176524573756,0.0007025311123847111,0.0012313011450289586,0.00018338680801766765,0.0007261217209734886,8.914443861577601e-05,0.00016703015037137424,0.0005832691523633354,0.0001952765643863278,0.0003854582477660173,0.00024110278126256526,0.00034729936699359423,0.0003339728313774258,0.003928590795115915,0.002430827421668517,0.0005961255741334643,0.0007259060296000199,0.0005911805528126018,0.00042048780827214224,0.0010348340573635136,0.0007433804756944441,0.0005853194910867233,0.00042194226033115547,0.0007173769176874535,0.004327983239361737,0.010214887940956008,0.006223665606635567,0.003907741026964468,0.002961652757616178,0.0015615003782528533,1
6.675871060306035e-05,9.958766864014974e-06,7.012118158671744e-05,1.5417528281413882e-05,6.797551439322446e-06,7.872242058822226e-05,2.913017217447217e-05,1.4308199429494277e-05,2.2084943353232045e-05,1.764803382457046e-05,6.35589021472569e-05,0.00035432236413989165,0.0001856518589689219,0.0001298953418154707,0.0007425042004537255,0.0012700105560735867,0.00021002878325398138,0.000721643538745454,0.0001454050889867678,0.0001187140567955134,0.00045427152895290704,0.0003549666432658267,0.0005132564419563419,0.0004422059115237183,0.0004644471830708527,0.00037227545488567284,0.003770344488300207,0.0016118928788190312,0.0013629771110672784,0.0012863452717063874,0.0008944107841286961,0.0007926405733820224,0.0013032776047206495,0.0013653945833465883,0.0010702071830916665,0.00043514471049056953,0.00048516070104203616,0.00489201327874319,0.010871504221332403,0.0059007391434587365,0.0025373582786981266,0.0026210522397743506,0.002168468610444463,1
3.697270153999299e-05,1.5882513930308458e-05,3.615062147524498e-05,1.2718588333872211e-05,1.0096685183040772e-05,7.943518386831352e-05,2.1274714829686393e-05,2.484921494739394e-05,1.8935799440006287e-05,1.4078531878952402e-05,5.780196485294892e-05,0.0002961169323505954,0.00024813883387843734,0.00017593277440555708,0.0008012318238024594,0.0013241535093150441,0.00020273675295627013,0.0007050350608255898,0.00012874581462560093,0.00011574864070816484,0.00037896693154474895,0.00041788864505541755,0.0005103630479650344,0.0005498566534912181,0.00034242416553250526,0.00038369322291811675,0.003426234870248794,0.0015349956310849403,0.0015271405162502652,0.0011911521174051596,0.0008219612374456902,0.0007911617374894987,0.0012960183568609261,0.0012934006594705128,0.00111882505159201,0.00038247871646508675,0.00045560440165188907,0.00498409812299797,0.0114446546743824,0.006036573059066137,0.0021500108068419764,0.0019584666957087092,0.0016701812962997811,1
0.0013355813707707077,6.606468988902957e-06,6.183569617893551e-05,1.7109027273086972e-05,6.495533265195898e-06,0.00013483124485271276,2.860915186943006e-05,2.1171287164917602e-05,2.997742764500071e-05,1.2295714950255472e-05,9.754386475474447e-05,0.0005531209311045356,0.00011502887772014046,0.00011956801451818688,0.0007509083813469257,0.0011184344689906427,0.00024093247849983808,0.0007666688578904671,8.631847433117137e-05,0.00012849942195725244,0.00030105938881177467,0.00019994398174879658,0.00028173426904974175,0.00018160912090655238,0.0002762189197238232,0.0004294290751479004,0.0005167117030726887,0.00020144570087301026,0.0006034287770333685,0.0006705410782293159,0.0007713964871963445,0.0007796145533462805,0.0006513693297396641,0.0013498414485302512,0.0012970303375984722,0.0009152679028896539,0.0008803241371435742,0.0037949186042494885,0.009336019116726822,0.006695127163717742,0.0008741038006423162,0.002377671490762952,0.0016176227138935326,1
6.473144243519643e-05,3.4020770426944738e-06,5.0721915577439634e-05,6.311630798534999e-06,5.205971042768008e-06,8.310804169414505e-05,1.4797539184958003e-05,1.4588063873669737e-05,2.4429184346805395e-05,1.3027453936756586e-05,6.827873261868936e-05,0.00027573308107634763,0.00010416120843423456,0.00014203515773719295,0.0007449524764080849,0.0014392035222724321,0.00023133577691904138,0.0007156180294309197,9.910442175982069e-05,0.00012980464580989888,0.0005462931830330608,0.000166018820356442,0.00030294194600530674,0.00021499526961784842,0.00026081489540546006,0.00023125991476519454,0.001521690782674281,0.0002635462324151432,0.00079229228486938,0.00034353394172142716,0.0011576383165270274,0.0005447890698823492,0.001061214995575386,0.0006230229510152454,0.0009814542503269394,0.00027706659733516453,0.0008033134041825948,0.0048056227812625025,0.011867827608419515,0.006005571138190786,0.0034620755177989103,0.0029347905934579387,0.0015815997751928619,1
5.581171499876425e-05,2.767184201148767e-06,3.339828389802745e-05,5.5608240778210775e-06,3.341560974490261e-06,7.597933731731012e-05,2.1450900123319694e-05,1.5914396355931746e-05,2.491514412765041e-05,1.776571128804799e-05,5.90251031945087e-05,0.0002429572532360631,0.00015696703924367292,5.838793740944464e-05,0.0007639379898283569,0.001428740420751944,0.00016011029127364367,0.0006728264671030934,0.00011151031194006859,0.00012311718794570423,0.0004360071575633764,0.0001640218662799506,0.0003351182495329091,0.00013089134512207123,0.00023660214159062945,0.00021380211501143977,0.0014343870296727622,0.0003203843644850442,0.0007203937042874646,0.00034879673882813795,0.0010361011337512256,0.0004997458717338714,0.000897764324020954,0.0004503999159249908,0.001012765058992183,0.0003536609285707927,0.0007633686130379348,0.005259460683472936,0.01226106449435938,0.005726050303326616,0.002798510510258261,0.002501570813317727,0.001672794326048623,1
4.078100043997448e-05,2.8427867058091232e-06,3.1040336663291904e-05,4.34220458658052e-06,3.925689970198131e-06,8.660668139670839e-05,2.6750897351393434e-05,1.3533078486934942e-05,2.5428820204474303e-05,1.5464021919528848e-05,5.424042555189466e-05,0.00022768636886862567,0.00018801200064038376,7.183844702502107e-05,0.0008354196776221438,0.0015825446181852174,0.0001536824864172471,0.0006356934804239369,0.00014207238888371863,7.343138487933452e-05,0.0003403639680580446,0.00015195957999658736,0.0003462080540860696,0.00025515079408033463,0.00010828876272091772,0.00017498813256362894,0.001103645697386188,0.0008448188951422742,0.000683032583930696,0.000295414831238925,0.0008892807304826496,0.0006332640551557288,0.0007239960261231547,0.00043491650992664576,0.000903629666650696,0.00039068015854833095,0.0007751222019295156,0.00551585062066537,0.013697776634152366,0.005527880763216501,0.0022127120025854726,0.002015945754439003,0.001662883009546047,1
0.004139905024120346,0.0011052435809921126,0.0009209328029515042,0.0006750246480665398,0.000488548514943075,0.0006362763638482065,0.0004260672267276034,0.0004404982250225062,0.00041809488946638215,0.00036496238233446593,0.0005785963002416149,0.0010198247146329597,0.0004993656033590037,0.00045782282465310615,0.001064570114413187,0.0017471951505570597,0.0005042940711668183,0.0008714745238168281,0.000549294011839525,0.000601937597359277,0.00047282382058345805,0.0007776491120409243,0.0006307485995791377,0.000571887213401522,0.00047760858621974335,0.0005749834233806744,0.0005961145290879202,0.0010301316505568318,0.00126534698833607,0.0011605882663226685,0.0008011171446775811,0.0008918865578157996,0.0010771935740957353,0.0021116522503709092,0.002755713916428897,0.0017530727353377393,0.002384442306915888,0.006555185729194689,0.014269596234593913,0.006822071422381106,0.0031541201719241397,0.0035727716158103287,0.0034606151415516244,1
0.009512045198936305,0.0008603431851840416,0.0011577080323397484,0.0008523444736530494,0.0005595791625603493,0.0007476525623154152,0.0006325926728262823,0.0005689351642833945,0.0005975781040116338,0.00041683408314288633,0.0007345358922833218,0.0008376630314116206,0.0004586519705263503,0.0007654713110535308,0.0009130131451523445,0.0017297801111892358,0.0005689102313658791,0.0008698001445265647,0.0004928635546187119,0.0004746073481584132,0.0007647369489956258,0.0005974942970082966,0.0006479713008743341,0.0003874294383934269,0.00048481387315317607,0.0003875446760679907,0.0016346075311780889,0.0006980502054297845,0.001197689790997878,0.0011448832149222922,0.0006264984459805549,0.0007721553668715432,0.0011637456139125333,0.0016298923729977722,0.002800851720548554,0.0021478217368622893,0.0032686365593773384,0.005574822701076454,0.014253652901274727,0.0067130148575399165,0.004090340410573586,0.0027999515368093255,0.003356514300881695,1
0.006230755377976987,0.001077908778584211,0.0012614626727766199,0.0009805750121287806,0.0005637524161326441,0.0008057725846348821,0.0007474680931032913,0.0005586176274296127,0.0005382364071322643,0.0005235911864073277,0.0006784521981388874,0.000697852272648517,0.0005046582647533144,0.000916303806875903,0.0004112782398028534,0.0014737399413737304,0.00048531294498295273,0.0008874955228827392,0.000658824015381506,0.00038358427819144077,0.0005113217560469248,0.0005345716686974134,0.0007023393490567992,0.00033369614625717014,0.0004844795693652835,0.0003975779917685569,0.0013012114217400065,0.0006933680167740237,0.0011903849850268906,0.0010917400138034223,0.0006951955312302901,0.0009517630305940713,0.0011080883609349114,0.0023869942918387245,0.002420262165504104,0.0026046706826128164,0.0034174639732531225,0.004952217060576116,0.0118731232281519,0.007043089472494717,0.0026784699393160288,0.00391054802020851,0.001984547568623894,1
0.006463241556360722,0.0012316810897261025,0.001138962365412543,0.0010637234707095069,0.0006711247001417167,0.0006913384054348481,0.0005529145273784189,0.0005390498697814683,0.00040379519580749113,0.00046545713224436825,0.0006346246479331995,0.000667441621540869,0.0004362251266897801,0.0008840192937200154,0.0008057298536406143,0.0013989999506589389,0.0005277897804863976,0.0009015003772079282,0.0006769660561345453,0.0004187455073601775,0.0005487243109712476,0.0005261448056206913,0.0006388724521554656,0.0006647002206151613,0.0004098107047600062,0.0004380596983441394,0.0014887994769845236,0.0006167386652113586,0.0012936137204218367,0.0009371869965087789,0.0006637043974605881,0.0007920709756032623,0.0012963004042543596,0.001855260317094338,0.002216276511232717,0.0018998291902347687,0.002900022423872286,0.004336917148943135,0.010599356299269998,0.006434868988128179,0.0023690069913219983,0.0029181104784542556,0.0027287929770048102,1
0.00015710437512021872,4.693045237043028e-06,4.3111113654423466e-05,1.4291144909279576e-05,5.234070526301695e-06,0.00020362315680493663,2.9989498598166413e-05,1.2521512148877934e-05,5.278206420823833e-05,8.345222156421801e-06,7.976328764958016e-05,0.0005268537884995099,0.00017006423953540775,8.68789248402628e-05,0.0007657751348353485,0.002109903537353919,0.00018403500803772176,0.0006403999249581258,0.00010679859820674102,0.0002433159690367877,0.00019598543471759886,0.00030016697390432024,0.00042758583580853904,0.0001846055187837697,0.0005430556038491244,0.0005595988978623133,0.0006055823089295717,0.0008965490038743706,0.0008492216183165322,0.0008138459923509947,0.0019229129556183604,0.0009066036090639047,0.001084773601856592,0.0015174789336790935,0.0012735210242430049,0.0014522849293733772,0.0006128033560045391,0.005135482842157361,0.018364419574215002,0.005077245844120053,0.0019284169782409844,0.0020435707549027043,0.002033444984048807,1
6.798468930079233e-05,4.3677552277957504e-06,3.997899926950922e-05,5.569037891972401e-06,4.220231104783778e-06,0.00021773972489361947,9.171897189393434e-06,1.3739643277805667e-05,7.619184768726752e-05,1.841923422705837e-05,8.769011256600083e-05,0.00031772359524837957,0.0002657108981797312,0.00012655515009654336,0.0007274566171045381,0.0015133396292559536,0.00022468738475967624,0.0007101264500442801,0.00012577336550096657,0.00031360649533639003,0.0004665960675131311,0.0003067523155582724,0.00038596466533045233,0.0002884465726784255,0.0005485664195650551,0.0004251118557013269,0.0008209614291948233,0.000688212141441575,0.0007361871439618323,0.001610351345321846,0.0006182068163150101,0.0009525483734727494,0.0012192106770658178,0.0010056726741269734,0.0010325258502265435,0.0013757237783056041,0.0006184809570381441,0.004509464499122833,0.013014646756780993,0.006171133350091188,0.0033606574378561667,0.0022081723371012952,0.004137990261995325,1
2.8495859167816414e-05,4.66750481613606e-06,3.2995733135142016e-05,5.633397277318798e-06,4.287371179939857e-06,0.00020286425383225822,9.721425462534463e-06,1.0370077231996232e-05,7.20177836415924e-05,2.8841568831233036e-05,7.112426685196677e-05,0.00030728952203203834,0.0002854267643549997,0.00014737202051575354,0.000700671085348265,0.0018133994041499865,0.00018272761369603628,0.0006897641936845163,0.00018882139114206938,0.0002922522455956765,0.0003595923155350513,0.00020618359680439903,0.0003840852262719244,0.00026113294466380564,0.0006020220688847087,0.00039764577829527514,0.0007972331339375561,0.0005850967991567439,0.0005462043740261064,0.0013324717213608935,0.0004907950062237935,0.0009311019638542509,0.0011810073431148145,0.0012084030919824735,0.0009891459138365876,0.000467539324629487,0.0009896792171682014,0.0043996304141304884,0.015455987566970789,0.00586157346795207,0.0025044969497069382,0.0019782905544664412,0.005036025464767623,1
3.628312195403516e-05,4.409420298109738e-06,4.54003756574206e-05,6.792335321638122e-06,7.243922864226188e-06,0.0001983049151085727,1.459108078922862e-05,1.4224830104810636e-05,6.355954112844562e-05,4.387913033049749e-05,3.1589041284021874e-05,0.00034383577106207196,0.0002542423636980072,0.0001060859345640147,0.0007883883370607983,0.001008786405235793,0.00019677387699202777,0.0007108054184660767,0.00016857426870352121,0.00014426064186024568,0.0002652723549798993,0.00029026099754208255,0.000332235010893639,0.0006213279543183471,9.841758064405306e-05,0.00042190137182630594,0.0009480824714977111,0.0002390349361231773,0.0005072327286540642,0.0011779260086115873,0.0006366009337538723,0.0010471537326835966,0.001503816928592179,0.000797506652101682,0.006418965873682127,0.00044454263314349285,0.0007068477552045913,0.004929259010690911,0.00810040927188551,0.006100803502446584,0.0019101397538856051,0.0015470921187988613,0.004994675317490066,1
0.0006614952557415417,2.133143117038183e-05,0.00014354014441797858,1.850132053416141e-05,1.6862384848269462e-05,0.00012328934340750827,1.9563552064674187e-05,3.0586925698414706e-05,0.00012767087396134747,1.8788169371634414e-05,6.55128339053838e-05,0.00040471879409035736,0.00022842816114619234,0.00018984919026166804,0.0006154912800778046,0.0011787945176440523,0.00018865768397954407,0.0006644276226660122,8.851056697717436e-05,0.000180077100138286,0.00022532555630908331,0.00036662742330693655,0.0005469928255044409,0.0003213192058378729,0.0003354652628878894,0.0005287883355227106,0.001104677371916272,0.0012790692291209614,0.000962912292193028,0.0009898277984664453,0.0008148519847923576,0.0009819095410306693,0.0010621226868762234,0.0014529713937402097,0.0010485453569048682,0.000750230408516919,0.0008446431535022423,0.0038760765629039396,0.009327390010983112,0.005322108839896487,0.0010984437284171965,0.0027883238235177437,0.0035029356272015997,1
8.353853165902372e-05,1.3337747999427388e-05,9.458817356134018e-05,6.4622618804286755e-06,1.0567989844387497e-05,0.00011948644043376899,1.8139527632904945e-05,2.8084138048446305e-05,5.5680828268063824e-05,2.1415518185637182e-05,6.608843033880194e-05,0.00034176513887753464,0.00021484637372880478,0.00017867422962800807,0.0005325693138170506,0.0011622609550037293,0.00020177782534848884,0.0006840490128482316,8.724301959656449e-05,0.0001572433611015623,0.000505471013103397,0.00028069721835703455,0.00026642808369825767,0.00040211420382868957,0.0002720591255933246,0.00028145878053977474,0.0012888867842351047,0.0008967059962238479,0.0010222293798683633,0.0006962982648453603,0.000831574947528682,0.0008959439704889867,0.0010882117324297082,0.0007499030581923424,0.00084099427405933,0.0005688441162175096,0.0013134331198595638,0.0034143789277589426,0.009557474386513706,0.005912940608767176,0.0033737279980490015,0.002678760441335084,0.003034717008424302,1
0.00010342771892694403,1.807304546724378e-05,4.5844094761583736e-05,8.262285144452477e-06,1.3140620979410742e-05,0.00014194385308021235,1.948071327531374e-05,2.5838755622987096e-05,6.147610671879758e-05,3.042836432459247e-05,4.965133411894302e-05,0.0002950327407437778,0.00027514706885655636,0.00010509414603648411,0.0005608285639465556,0.0011927638117356653,0.00019704461451301277,0.0006794135050806607,0.00010368772708251105,0.00013479246323781977,0.0003923552095770051,0.00023014217970127637,0.00030937628754364475,0.0004278746678186419,0.0002680224706678581,0.00024314328813021261,0.0012524812644904527,0.0006075494710350661,0.0005523933351484258,0.0007703396059370004,0.0007554356347504406,0.000876903927049576,0.0011525625344152273,0.0005469640549987123,0.0007614343759310518,0.00042847734986689085,0.0008521089984712997,0.0034890208918821708,0.009540082497122864,0.005830092538595392,0.0024108517114881534,0.00196339105412119,0.0033430377291689345,1
6.014433787609789e-05,1.347601284175115e-05,2.1792958641593608e-05,1.105638387058534e-05,1.385247533597516e-05,9.804968942299575e-05,2.8335450732149946e-05,2.372207510998146e-05,6.274831126093488e-05,3.280322078617919e-05,4.321347085270531e-05,0.0002520069332721364,0.0002756735501136828,0.00011268925635449498,0.0005797728307355807,0.0012071734130298401,0.00017934878066123373,0.0006674329174561929,0.00012026795315068612,0.00010649634123759954,0.00027751602628858747,0.00022283677462703677,0.0002860933085592085,0.0004987442261063512,0.00018530262371076482,0.00019875179492447468,0.0008916668938008086,0.0010396815897112505,0.00043883761247993426,0.0008102245683555736,0.0006477178436690936,0.0008979194210683399,0.0010058762248474796,0.0006871146558332852,0.0006984295579147506,0.0004304838193003391,0.00040948399424381134,0.003878789184964174,0.00939833444664424,0.005644089399085975,0.0019707722815112652,0.0015044064943911725,0.003392227681914855,1
0.0002551857757138717,3.0638855453394896e-05,0.00012134155022492246,5.199760614428229e-05,3.273563452281004e-05,0.0001088101198757007,1.8524777265515904e-05,7.252012668159279e-05,9.399748497695634e-05,2.0930444692413648e-05,8.670572844458425e-05,0.0003027892758093996,0.00020665574950478788,0.0001810930271656193,0.0007001113546833997,0.0011657974564712116,0.0001867983816791494,0.0009086082870325904,0.0001763934513978789,0.0003085915855307711,0.00028973705740496444,0.0002764406445129167,0.0009093580171335967,0.00036921591174037736,0.000986879972899722,0.0004244416976849272,0.0009184733806907379,0.0015923085862127573,0.0016842597723550194,0.0024807141346380093,0.008192998586803345,0.0021874391739977266,0.004554058782269134,0.003444991550354388,0.0034306806338743356,0.0006189934409424411,0.000856693328643295,0.0021885816380098153,0.009760287949699648,0.007055614556752043,0.0024221039666221006,0.006993545985892357,0.006943429536973159,1
5.5734598331632374e-05,2.9828580833469276e-05,7.455651330797564e-05,1.4975668775538928e-05,2.079706702503002e-05,9.390822935396637e-05,1.7559570392134728e-05,6.195046922428764e-05,4.870022136602884e-05,1.746901873725402e-05,7.484725242382252e-05,0.00032741391977502684,0.00011040527150912437,0.00014225878960350962,0.0007100258610894839,0.0018935664196633548,0.00019813566484073452,0.000643086127568866,0.00010276235658281235,0.000341789066250467,0.0005997663539355205,0.000353681558195663,0.0008276608879854415,0.0003653127914625928,0.0005803887887172675,0.0003352083198656745,0.0015027687494248599,0.001095721757038314,0.0010726615292695912,0.005742984791330667,0.001895666426559162,0.0019857795354455885,0.0036285257345340057,0.001945634108251152,0.002147540403053345,0.0003818678035469687,0.0008524522281042129,0.004784398343405169,0.01440340402550724,0.005192585698522539,0.003913450614514917,0.006103848964349711,0.004389534465301536,1
7.307800676939275e-05,4.156355412828658e-05,9.880059391932675e-05,2.1626997985814545e-05,2.4030239275449642e-05,0.00013003805254890798,2.8978147400903064e-05,8.54912751255465e-05,5.978714984767198e-05,5.844967873128607e-05,5.833784750244498e-05,0.0002999393499663905,0.00026675320488479777,0.00015796996143346576,0.0007174690850392856,0.0011491435966218173,0.00019853402390177083,0.0007552281623521474,0.0001030922324489279,0.0002866457511899814,0.0004794970890410087,0.0002093802101937785,0.0007607385330635987,0.0003534123188581845,0.0005386823615749532,0.000268085559778393,0.0014143673819298275,0.0009957153433994023,0.0016360861027732705,0.005136045061920051,0.0014623201634581702,0.001642915601224943,0.0034674265368796553,0.001351205782318354,0.0023511461776026784,0.0005630995728238798,0.0006714573599764176,0.005016960419654247,0.009689006252315526,0.006042865081432168,0.0026466251541341287,0.005987612748065557,0.004020386424143852,1
3.1742504876019384e-05,3.400732001210027e-05,9.476960280540516e-05,1.6983560395094424e-05,2.4982086395112678e-05,9.903691687386559e-05,7.355917013469807e-05,3.3123442428647694e-05,5.25841681782291e-05,4.059454409019549e-05,5.141748649512579e-05,0.0003405515956709044,0.0002022499734284963,0.00017530883877438257,0.0007464967359069315,0.001578904481882383,0.00019019577848860717,0.0007340067270040152,0.0001528477711703382,0.00029316180756045634,0.0003773796325057568,0.0006217129954514514,0.00034257540337900047,0.0006282817888854476,0.00018719736642960013,0.0002416636724531497,0.0015350582489712388,0.0007877491333563087,0.0013731451441396582,0.004312590621420453,0.0014617697904123342,0.0021474529157253634,0.0028505579352350726,0.001435148505026949,0.005442911371034224,0.0005024530320702214,0.00048795553351417683,0.005273276698210971,0.012659036017461633,0.0062553216021768165,0.0021106163357087304,0.004889006618898067,0.004119645066998291,1
0.00010244502401610169,3.5062771031593455e-05,0.00010297669469445044,4.186710319849701e-05,2.9311091504603825e-05,0.00018443418190616423,3.3546234008112265e-05,3.302530203723373e-05,0.00010344900811549813,4.467479994937356e-05,0.0002813888350106473,0.001420355064835953,0.0002523905603158959,8.326623416148129e-05,0.0006724594479167068,0.0017081879445736403,0.00021363876653711792,0.0009060418359622882,0.00014596458524103475,0.00024455590536023717,0.000308635517602218,0.0006271070877243357,0.00157191237891442,0.00013261546367333398,0.00030112970704778926,0.0005054002849561743,0.0008430667621722131,0.0017363242560201988,0.0014506242175463995,0.0027069690621750533,0.0015247162123345425,0.0019988780558971068,0.007453252980888343,0.008896670125596204,0.004549537606797061,0.0011640244689407808,0.0018117136706985936,0.009836014185500596,0.014200945620932218,0.007530653862262319,0.001545830883191062,0.012844890898534599,0.001689557415401833,1
9.52803792948584e-05,3.678180536909432e-05,0.00012871795917924437,3.162990336458243e-05,2.9206273309786273e-05,0.00019875425541744033,3.143875184999482e-05,3.1834572683570014e-05,9.613646457068738e-05,3.9844069556689415e-05,0.0002796339866043612,0.0007486529126299356,0.0001648258049501549,0.00010255458828164331,0.0005299522962919825,0.001707593708120239,0.00020087589640991927,0.0008145529533016969,0.0001246510402450877,0.000248052112414641,0.0007313647381674444,0.002062585688661994,0.0001578650026717554,0.00024330415267864074,0.00026015832293977136,0.000691474851921839,0.0009995731455756868,0.0016005272175072015,0.0010822903844283892,0.0022809619299758084,0.001499194450106922,0.006824881559858437,0.002262631977627991,0.008270246632322285,0.004441022539030173,0.0006453492599301295,0.0036114419472346123,0.0037382600142640593,0.01376617260784812,0.00700482000183439,0.005421986951517485,0.016844489129753174,0.0016967043927624548,1
0.00011112082125208753,4.008617862455451e-05,0.00012182887181336754,2.8744981011088987e-05,3.043819488634267e-05,0.0002153998842069819,3.2032309537456337e-05,4.0688007441134135e-05,9.512562909899734e-05,5.738327879993545e-05,0.00024140323695334822,0.0006247650028120527,0.0002027090637097666,9.860169868798037e-05,0.0005103163905746028,0.0017437915169649613,0.00018706427539053196,0.0008012543740912413,0.0001997891276970094,0.00018343263206020826,0.0007698046560333,0.0019890393656052992,0.00016620466951241888,0.0001434250495631103,0.0002487098047649818,0.0005635585997585073,0.0008803555772925575,0.0014603891674613235,0.0011569224891565903,0.00201426783243696,0.0017270123781089606,0.005489092437881064,0.00333624400645291,0.008344054655959264,0.003066734502621681,0.0006344471746673776,0.002495996439856018,0.0033281708752972696,0.015232183777745467,0.006990328779497327,0.004176310452581683,0.017250904462864897,0.0015310200204166728,1
8.788116910660561e-05,3.378423911925108e-05,0.00012332304876913136,2.488856282585614e-05,2.6948331726554503e-05,0.00024242098015613505,3.1492518902384266e-05,3.7584714185309326e-05,7.995281848305748e-05,5.342986763700149e-05,0.0002063963811059337,0.0005250412112392704,0.0003111760602631119,0.000118235720780091,0.0005227253756170796,0.0017897267624112695,0.00018628658746823625,0.0007632354776992818,0.00020377426115188857,0.0001328406632634057,0.0006383845003730781,0.0019739831983582195,0.00014980179733415855,0.00020756699197382842,9.218185874943922e-05,0.0005384182799766657,0.000816007067741556,0.0016390417285651027,0.0008599422181934338,0.0018029998435626622,0.0014061265997409303,0.004994054811698141,0.0030731555038393758,0.00807733317746574,0.0037719376660662737,0.000529787427588225,0.0019566512575856267,0.0035394617675503777,0.01559895544795484,0.0066092487554171835,0.003449272385001777,0.01622493232070565,0.0014443671745836256,1
0.00018693236543966202,1.5420577119376863e-05,1.4135250188278771e-05,1.1747536138101064e-05,2.3772590307866586e-05,5.970635773417314e-05,2.026872667766356e-05,1.903337970183315e-05,4.039121597762821e-05,1.4846790080852887e-05,7.140740858487573e-05,0.00044749301119701595,0.00013628038258836777,0.00011631409637193238,0.0010717700662194267,0.0017838914239274861,0.00024665277607481485,0.0007706255484909893,0.00015828750819407125,0.0004179743076608037,0.00024382074094332287,0.00018117414789227198,0.0004465723581549237,0.000287543755757591,0.0003377863219800135,0.00026665332710025633,0.0008040067409184428,0.0007611258725722003,0.00043465314284320386,0.000866261022449865,0.000495642421937806,0.0005993951220922923,0.0008295597465670362,0.001003564878762501,0.0007654954831846595,0.000342650063865406,0.000843762126375778,0.0024635091826396126,0.014914331890024302,0.006486193270469581,0.003503723194027595,0.002223669668494561,0.0018684736332789237,1
4.815670229557568e-05,1.386059967338718e-05,1.1098018483792826e-05,1.1205925940160172e-05,2.4241706040538267e-05,6.688984530007255e-05,1.9312763254333082e-05,2.331345310259936e-05,4.043649744071518e-05,1.3085495529684564e-05,0.00012723507894890138,0.0005889932144506199,0.0002295604071380403,0.0001404163759908732,0.00068951252291589,0.0015274732079526112,0.00016209115859742906,0.0008144562830021399,0.00015866666427186688,0.00022174792755045919,0.00027599877175151275,0.00018127792129846965,0.0004945227046802395,0.0003476747734594042,0.0003822609405504892,0.00039792003325834135,0.0006377877854315778,0.0008585392224137514,0.0005795418503948026,0.000745771241263035,0.00048510897293785766,0.0010211604321661968,0.0011267363800530656,0.0009625137120131024,0.0007497185243294168,0.00040327956497071944,0.0008263015264683379,0.0031591437595908144,0.012562109465181118,0.006972758455054405,0.001757580600000381,0.0020654041586636133,0.0018480313570439074,1
2.644352286046673e-05,1.9735273028612383e-05,1.8715026869275176e-05,1.0676222998881196e-05,3.217051119511564e-05,7.631355431942193e-05,4.7284549827072255e-05,1.8542596416554534e-05,1.4846624032793633e-05,1.6939976261284373e-05,0.00014413263248226512,0.0003375343703528647,0.00023817492371454822,0.00013194539500123177,0.0010712578685493747,0.0012603027987358475,0.0002846672692068305,0.000828409151268127,0.00037089115748681735,9.50944739803984e-05,0.0003984834868268284,0.0002512505228728621,0.0004376926948465578,0.0002459609058940294,0.0002972085045386202,0.00032111134971582396,0.0007478549152545489,0.0013519844296944134,0.0007844628407569388,0.0008801358951396533,0.000608757388027034,0.0006187607005980493,0.0012435177603185204,0.0007291903033563868,0.000879781101195458,0.00039071508311835457,0.0010116887832321603,0.007165550219027812,0.01089425159754685,0.007229390553040947,0.002837347217795118,0.0025607191347357663,0.0017541414789260471,1
4.218225299079307e-05,1.4456763683115259e-05,1.6900568876466303e-05,9.609513565384039e-06,2.7685404572066776e-05,8.235015171654503e-05,2.5670770450180572e-05,1.790429982854775e-05,1.3348789280268044e-05,1.2315582726526077e-05,0.0001298685365487238,0.0003305275465819153,0.0002687050262712326,9.926535573523874e-05,0.0006846693353423637,0.001375132944590684,8.833713287512081e-05,0.000816070941723688,0.000276049645114234,0.00011731396472541703,0.0003224478233921123,0.00033024781113261494,0.0003619870913000939,0.00041078446797852586,0.00014693583585275257,0.00033705921043235184,0.0010506661799821306,0.000983811934646967,0.0009215283438638423,0.0006968599963109472,0.0006902030114947606,0.0006311335183909704,0.001057726137264671,0.0009227661642117486,0.0007667942912689036,0.00038389944165236896,0.0009228949216160784,0.004640291912336589,0.011834963988131842,0.007067743455993854,0.0021735950712898173,0.00196241172068779,0.0019087516185220148,1
7.236878471950672e-05,0.00014329190948404136,0.00010831290139268498,3.152201368879884e-05,0.00010183028414368252,8.28086652597451e-05,5.2601675503369176e-05,6.097524285210691e-05,3.0618911396292404e-05,0.00010771156799614296,0.000279862209645892,0.0003856419580981957,0.00021185803011481328,0.00013186728016119215,0.0009736529638223225,0.0017381654119902762,0.0003625266419000398,0.0009057707226319561,0.00014121377417802074,0.0007207489123295343,0.00021332737451524434,0.0002681773546148273,0.00028551283029434703,0.00017135336172531432,0.0003130292709231602,0.0006219045066499665,0.00037957295991119605,0.0008718278314291557,0.0006870702564278167,0.001233400218623267,0.0010224229179852998,0.0009263099309722212,0.0018587157519428692,0.001162832871032544,0.0009802923780854002,0.0004922637052264478,0.0019778442054907376,0.0024592025256817266,0.015100249986783337,0.007879360636590801,0.005938226908112952,0.001765629088890302,0.0021071556260618715,1
5.7559557568672855e-05,0.00018252215782799914,0.00012747298842873386,3.9598452027114635e-05,0.00011321066131295171,8.229648329597044e-05,4.7469250571555484e-05,5.398912035034644e-05,3.60737471375205e-05,0.00014073292881549174,0.000439812884034555,0.0002570810359634791,0.0002707470240068587,0.00013800194546869098,0.0006888017645678836,0.001273135626298694,0.00037252375006958466,0.0006017191140320555,0.00014172310318484786,0.0007370467634659058,0.0004932868456125667,0.00034054228209265874,0.00022724820689060888,0.00017797550978413906,0.0004012022392311588,0.0005807629607158998,0.0007155105815005886,0.0016115117215597555,0.000947759047541137,0.0009081147327641907,0.0011952230107031992,0.0009541840882889862,0.001969481767002201,0.0011813822995412654,0.0009388667534329761,0.0003607984385633269,0.003067512909776211,0.004639512638122563,0.011101335684361455,0.005248073586438084,0.005997383725648955,0.00237367860001568,0.0016401634114597172,1
7.108425975279668e-05,0.00018444627944059667,8.523914245821206e-05,2.6334942137488405e-05,0.00012576827169138302,7.464664935831792e-05,5.164072533808094e-05,4.4938013172413886e-05,3.644348051280974e-05,0.00014958557877648275,0.00039847288590635433,0.0003679246901615551,0.00018365926937607028,5.025462559422327e-05,0.0008375856897782343,0.0017952704159522842,0.00019477621571480406,0.0007838044032435334,0.0005178746934457526,0.00043479698467312894,0.00040954719772002846,0.00024969571246019417,0.00028115908842837954,0.00015579810705296807,0.00028202317915829037,0.0004472106319136502,0.0009281305565488329,0.0012740122193895273,0.000989501531452513,0.0007802058447804673,0.0015464420740782712,0.0007537760362429395,0.0015584921556829896,0.0007862211250019933,0.001054710376556478,0.00037796935934936805,0.0026805484871502364,0.005807191531214803,0.015143681885521723,0.006646305086871165,0.005594186306605019,0.002321678446860809,0.001085424082413771,1
4.143464428781452e-05,0.0001469732712704036,0.00011523790384921389,4.713423238844375e-05,6.858493638518835e-05,7.45921436911858e-05,6.139705462722102e-05,6.304645991177898e-05,4.5133782316775606e-05,0.0001295882695219554,0.00027362710206775955,0.0003532529749600498,0.00021830253951114222,7.58154481370584e-05,0.0009563530523532444,0.001777161193151103,0.00012806166754633622,0.0007750101104617107,0.0007020666237801911,0.00010000114884772564,0.0003465906051966659,0.00022569731677162783,0.00024981520473511744,0.00031470627257673613,0.00024261676778414667,0.0005301354573925055,0.000740476089206458,0.001220325175909803,0.00096897016801713,0.0005628763030822923,0.001262827311500901,0.0006304693868861962,0.0015228604648208947,0.0007615757321411037,0.000886957613370811,0.0004085604362675414,0.0018926793094347773,0.0064909042163809536,0.015226872721900863,0.006744915902440693,0.005913687965404892,0.0019198284634474717,0.002060462345499531,1
0.0003837042317017827,4.2847145017144375e-05,0.00014577120060152551,4.5353429569379306e-05,4.819417407859902e-05,9.661495225027411e-05,2.5264091701548137e-05,8.241079278442675e-05,4.0288762742773385e-05,3.7190697491041284e-05,0.00038911553856443333,0.00036448303421528347,0.0001545093724901133,0.00014648826280598236,0.0008779782599018225,0.001488042943734204,0.0002724182612431237,0.0007808081609643709,0.00013051882237526558,0.0003706286608691801,0.00027984832497339663,0.00017711583296431987,0.0004740864461676179,0.00022875961149595374,0.00028197440162902685,0.0006370745165286741,0.0007568468146634216,0.0007210694668903196,0.0006369347238256523,0.0016176931356736448,0.0009465850145030241,0.0005663424469773843,0.0014973830641462154,0.001203804376796005,0.001521678876505192,0.0005886858774184472,0.0027647651526660783,0.005556141452011057,0.011884312644445965,0.006555525985530586,0.003115261347019181,0.002153935930251257,0.00284185486905095,1
7.512034957332202e-05,2.924169965391725e-05,0.000143455072194474,2.5271096291445757e-05,3.5023360461853013e-05,8.219808488150826e-05,2.228405401076603e-05,7.758484913445635e-05,7.227610388200681e-05,2.984230691644856e-05,0.00033019291686225163,0.0002950878026426634,0.00023806134363563232,0.00014789261784249301,0.0005455387477658808,0.0015046405552546123,0.00027548681452071403,0.0007075520736042486,0.00012081319108861911,0.0003222793724191257,0.000555073434062147,0.00024148780438474463,0.00028989777670052004,0.00021269812590473593,0.00025117835015140935,0.00035858881331906077,0.0009668180306286537,0.001477363859015386,0.0008738601112639495,0.0008455391953620427,0.0007305465456252097,0.0006406703140812489,0.0013802849756193907,0.0009530643559600134,0.0010785543693948043,0.0005390444142022964,0.0022353480424400756,0.0034417457082349125,0.012424921929006056,0.00609770253017593,0.0027077632180619866,0.003971671254197355,0.0016812902960135921,1
2.3467869632249378e-05,3.592292135068837e-05,0.00010560577670291947,2.6086706747039832e-05,3.851525342930723e-05,7.709308286229725e-05,2.3797823691119648e-05,7.345139094122987e-05,5.5828859130306245e-05,3.408246933144433e-05,0.00041460219781220127,0.0003453748157590067,0.0002294826630374711,0.00010041721838702791,0.0006238891949208373,0.001179076126713451,0.00028555478220571956,0.0006662260815734232,0.00026909588540545366,6.951981995837446e-05,0.00041732110569267495,0.0002327351240353257,0.00031961218694235877,0.00017832706269055486,0.0002705626752098632,0.00032940596253439486,0.0007752058510224658,0.0013238975175471602,0.0009493482708059316,0.000707767175831185,0.0007788035636935341,0.0006574069484058047,0.0013364658998768438,0.000727558069054247,0.0010528880845348573,0.0004610730811392838,0.0027620169319387488,0.0038493973594755935,0.010243834070902472,0.005808891784119106,0.0027420838611093264,0.0025849803478502627,0.001663595891954535,1
8.921135141190035e-05,3.4712747928051804e-05,0.0001203621510987244,2.2339088226314947e-05,3.687568776849798e-05,9.727817251396599e-05,2.196355809555394e-05,6.757890832245974e-05,6.552371347764856e-05,3.12638546781937e-05,0.000407297545893341,0.00034446081064062553,0.00019401960706423308,0.00015039330584122956,0.0007626631510177763,0.0012790331099091733,0.0002980824377897346,0.000648684733430084,0.00028916807876404115,6.544162274505532e-05,0.00030850542038294394,0.00029937235254899136,0.00025933442078623,0.0003002059932892498,0.00014906037623834445,0.0003474651929489213,0.0006975487222559679,0.0012973379694208103,0.0009569602386761884,0.0006805717362202451,0.0006631193183086794,0.0007062863802222023,0.0012234651547193326,0.0008499269056583711,0.001007359637589728,0.00044916831521745344,0.00282464291502744,0.005080495185840409,0.011235734506832537,0.005354205554092681,0.0021648569544532982,0.0020992864906436317,0.0016783101849763592,1
0.00046555210812780927,2.683456946456352e-06,3.491182009197497e-05,6.046645884647176e-06,4.179829382371625e-06,9.783694430871663e-05,2.0643351916662913e-05,1.311171520139091e-05,4.177291750168815e-05,1.2629015795491365e-05,9.010338790818451e-05,0.0004634006313375376,0.00020691831864746768,0.0001232338116158871,0.0007383527428235332,0.001512710441698747,0.00021651401659911152,0.0008103642258044748,0.00013211806013734622,0.0004898191421547752,0.00034409309648911635,0.00017407818593116,0.0002372988347905067,0.000747713767003301,0.0003794715869107633,0.0006171486816775115,0.0008064683500511714,0.0005229570469181651,0.0005515400743781027,0.0008695911666358825,0.0005148336360472723,0.0005908193814862335,0.0012099145659343173,0.001021838872816819,0.0010784276504633408,0.0005619618803988004,0.0007761493085165334,0.004891150058881724,0.012857956430621882,0.007027238549533021,0.003809952690010099,0.0022435109249969573,0.004206010104864061,1
3.2812876975331395e-05,2.1360106967930962e-06,2.115384472422008e-05,6.575434580630397e-06,4.4410214652540664e-06,9.130371911854671e-05,2.0567804875486374e-05,1.2397886709734643e-05,3.852844274426023e-05,1.837671188194699e-05,8.36593292673996e-05,0.00025013412752578204,0.00022942782116365862,0.0001323156180656328,0.0006941090332137304,0.0014484137653471938,0.00019931038139683684,0.0007977797593787775,0.00011587833804707668,0.0004600038669017301,0.0005435905027331717,0.00019877572500755274,0.0001820450566787742,0.0005712937081606646,0.00032026125588244307,0.0004440649336733305,0.0008979733765901737,0.0008297271042811052,0.000820729733518633,0.0007222759292701819,0.0005727024242048742,0.00048465863137827714,0.0010975358043648225,0.0005676476466949137,0.0005783716391861064,0.0004487413907588915,0.0006525966441315582,0.004669210175384601,0.012027706647372483,0.0069575512759175685,0.004291305285307176,0.0015042900688864642,0.003403212612132892,1
4.0395914277745575e-05,2.797770414655118e-06,3.397521796168812e-05,7.535054348741852e-06,4.963381142810666e-06,7.101620388726541e-05,3.125457032717635e-05,1.0472365553641504e-05,2.4793462884513977e-05,1.6599863741233113e-05,7.160780528156536e-05,0.0002630479295540936,0.0002360517231150696,7.428042308662926e-05,0.0007289196505964171,0.0014504809362805959,0.00022668952495639362,0.0007730598502766659,0.00015102450314267768,0.0003882901529083727,0.0004982989665629801,0.00017769934275572899,0.0001932780579766579,0.0008653397359005279,0.00029458237218612203,0.0004213814592045211,0.0008428716013689943,0.0009157978242742619,0.0005161688900768321,0.0006762172852761781,0.0006302141961686673,0.0003356842937161295,0.0009229455931046193,0.0005022601253937364,0.0005395806393428819,0.0003742085099287277,0.0004425491177831217,0.005087425661668126,0.012487537079569235,0.006433342721662902,0.0036769261301371203,0.0016396125500011858,0.0058547657393393055,1
3.927569697373762e-05,1.868820160693845e-05,3.4811589321745344e-05,2.0295449395438093e-05,1.8918985958962326e-05,8.99974740436024e-05,3.746897996912908e-05,2.4935311308524902e-05,2.8320888061184516e-05,2.497776785105331e-05,6.638288685715832e-05,0.00027840647286326035,0.000176308812882048,4.830408205789371e-05,0.0007353113201967398,0.0014614617317900605,0.0002170367195887326,0.0007463439727780874,0.0003315553103559321,9.201825698658754e-05,0.0004840687521222926,0.00018708482411933824,0.0003214473894095219,0.0007654426415595945,0.0001571670990103781,0.00039589406843976404,0.0008691994015092804,0.0008716575859663537,0.00044818389357290605,0.0006995818374089605,0.0006016791951315888,0.0005474124505694165,0.0008317128542928665,0.0005766949282244178,0.0005095592469209976,0.0005237519630655745,0.0005130410713156928,0.005241314037729543,0.012737739759920489,0.006286786064552273,0.0026945356587449623,0.0029299703490437068,0.003007321710690135,1
0.0008900285934465596,0.00011336590079186822,0.00010879762764463987,3.619559875555436e-05,0.00011563945472560577,0.0002275425993724673,5.302031660516501e-05,0.0001228087421088064,0.00024399758705666858,6.722334872425973e-05,0.00021748798395015948,0.0005168766616990962,0.0002425699242095976,0.00018196782645952682,0.0009225428351321145,0.0012467712065655587,0.000345199579635753,0.0008793392119830126,0.0001511670822542911,0.00042687736897111526,0.0005680676521375985,0.0004934113807079161,0.0011528821902479,0.0007679352442029829,0.0004529238763665958,0.0005965837763288289,0.000725078507412829,0.0010384341089892657,0.0012403165614603081,0.0016197292315583514,0.002182682107284534,0.001490511744464913,0.0042330945140503515,0.002037078407239448,0.004148878255773814,0.0015583467816788587,0.0017299887268508586,0.00521656418903815,0.010002846699442042,0.007129205455955893,0.0035572309999179516,0.008792786861102877,0.006294183134981026,1
5.3372729109016106e-05,0.00010068676565486056,9.477143915530894e-05,2.7881191426860538e-05,0.00010376173734242927,0.00020179225378131018,3.9883938471722715e-05,0.00011055265702038187,0.0002011535773419502,6.032175079064281e-05,0.0001386348212336167,0.0003234594273648039,0.00023749947939453447,0.00016483391647009973,0.0007142399148733786,0.0013398136498768713,0.00025477544912249245,0.0008313699126928724,0.0001780474215154665,0.00045536469322958895,0.0005963048754925159,0.0005654457835134612,0.0011243291946089306,0.0009644276699547523,0.0002362156080176534,0.0003703232203408289,0.0011259051315374781,0.001351942589445831,0.0015392005523923412,0.001433249485057855,0.0019808870528859115,0.0014365803938007553,0.003949886519091247,0.0018393351540269339,0.005405478363510011,0.0013492613742439959,0.0013832790293173533,0.004481501316458454,0.011204415009527385,0.00689809078678319,0.003344723604553158,0.00935301667666312,0.007601387688415145,1
7.75764408150876e-05,0.00010218503461668486,7.841598231268736e-05,3.1811124412066286e-05,0.00010569714385572132,0.0001441444594946416,5.6033208542682814e-05,0.00010420211802849922,0.0001718045193220903,7.151638225037539e-05,0.00014463899364946934,0.0003066298829786952,0.00024029649569803213,0.00015545735934633173,0.0007129444219111851,0.0014180533803564205,0.00024095928637685475,0.0008233180532626908,0.00040619091585465244,0.00023130631010765968,0.0004665980045612849,0.00040168702482527423,0.0015885251601772427,0.00029332971021003715,0.0002330539800331608,0.0004321584071309981,0.000978989286335565,0.0011101304735685986,0.0018804554454968417,0.0010406639275407088,0.0024482289685811938,0.0010648856839235912,0.00413289581106693,0.0031402617778927555,0.004498478743547473,0.0011667016589405879,0.0011907691325875004,0.0044578182414884105,0.012010781481573548,0.0068120938245228605,0.002884093361782309,0.008848935042274932,0.009574414859648163,1
7.515326278190728e-05,8.237024477467343e-05,7.155497362086068e-05,2.646525560083623e-05,8.420676828880776e-05,0.00019279167577448538,4.7586046153466446e-05,7.912251405491141e-05,0.00013193991025294878,5.507401935368347e-05,0.00011212497539374825,0.00027995184339846946,0.00021399977068084394,0.0001123910399673359,0.0008387865353702017,0.0014819823865839246,0.00024537013677059714,0.0007859620798413388,0.0003766321283969286,0.0002253110594041502,0.00039171927634365896,0.001001842839162477,0.0011942086163729707,0.0002897594091167895,0.0002141111164923534,0.00040928857530323794,0.0009607880546469669,0.0008982368756896405,0.0018255072697461428,0.0011483344965224586,0.001876520608104476,0.0013786487725076927,0.0032676425469683737,0.002386100124434127,0.003449009399333527,0.0008945518982514514,0.0010724659368354567,0.005151234855375717,0.012043578882576973,0.006806445730619822,0.0020761770423951558,0.010132424795243643,0.0018202289756642795,1
0.0002045974317611472,2.3124527283346174e-05,0.00010944072043786065,3.557719533350999e-05,2.3625675318269064e-05,0.00011832538082761,1.7171813800975445e-05,4.4644596626827446e-05,0.00010393847294620422,3.3622922779519325e-05,0.0001382343385508591,0.0004044760409667681,0.00015211967383999545,0.00025062577030055954,0.0006134359288051568,0.0012619180623376664,0.000284771538056273,0.0008516910650109922,0.0004856236813874158,0.0015497129724464675,0.0003562730960330982,0.0006221394796972854,0.0015360922116266532,0.0011994810937360717,0.0006868255699154902,0.0011509481239374447,0.0011869822860443118,0.0021425933550700198,0.002151309814841704,0.004977982310282793,0.009814177326120967,0.006030488477276542,0.008181686865991591,0.005925296330079583,0.00626609146571657,0.0007742169565109808,0.0009128664508335818,0.004053457397794303,0.009460369598615103,0.006994763052670311,0.012303811891755709,0.012523593187933559,0.009625332818233289,1
4.20465755472102e-05,2.0844056520785233e-05,6.570695332375304e-05,6.100717194049593e-06,1.9992652905912848e-05,0.00013646695823403213,2.547857947262519e-05,4.220688996305256e-05,7.891132088084039e-05,2.5102013616298723e-05,0.00014670753753991066,0.00029647655409958067,0.00016475342361758685,0.00021074537605552057,0.0005482752858142856,0.0011567261885837583,0.0003418846251298939,0.0007795497734754289,0.0001601975242077099,0.001385129227470081,0.0006027549666708991,0.0005013189830943601,0.0012524835210331662,0.0010762415622506854,0.0005051538400104435,0.0011841722964181544,0.0013363820310126476,0.001762811370818002,0.0017012367304893262,0.00392365595227233,0.008784773651261043,0.005335612358393286,0.00633674885957989,0.003692188242018831,0.006009257521437323,0.0006156620170590991,0.0011030200231487298,0.0034110510185364046,0.00889058310613053,0.005735374203815282,0.011565977667837067,0.00991716808821668,0.008589300939558979,1
4.691174601706716e-05,1.9112008635086823e-05,7.531779161457334e-05,7.477294811001477e-06,1.9848173360377035e-05,0.00012661937676765572,4.193446911699373e-05,4.048528144241787e-05,6.723236037005508e-05,4.5731425682606406e-05,0.0001058089508784256,0.0002829117763938714,0.00020227660913914455,0.0001770044330122711,0.0005572754498389318,0.0012709721627699273,0.0001701026188977613,0.0007649827123689644,0.0013000366654242139,0.0001646044749445287,0.0005170483562261742,0.0002584996753255184,0.001873203390345784,0.0005510188114753254,0.00038960136083470754,0.0012791848277829796,0.0009243327607846845,0.0020334745920915736,0.004551856538186252,0.002118347807465279,0.009345215081908978,0.003083028541666416,0.006451936361491297,0.0033314828490301285,0.006268072571034588,0.0004612247795884521,0.0008716957248164856,0.003670825238291815,0.010048691669193135,0.005943706618914986,0.01117942063421237,0.011296927151890176,0.010706867166382318,1
1.8050940535237093e-05,1.5228603732700679e-05,8.908749448522716e-05,6.88552789888808e-06,1.5664441573759408e-05,0.0001403424861889983,2.6821416991158443e-05,3.044998718317133e-05,5.3873964095952734e-05,3.454638227003947e-05,0.00014418762506912807,0.0002647353204072515,0.0002580258222512007,0.00012936489036804964,0.000706215715340337,0.0013208501452436512,0.000190890451267574,0.0007371759019739861,0.0013093287812872278,0.00025789104535335665,0.0003974074453965968,0.0012299881655008337,0.0015315173130529302,0.0005400401068600233,0.0006654188532175178,0.0013498870780922017,0.0008769739817928575,0.0018319083813685593,0.003915115464368827,0.0019216911086103957,0.008509314873086893,0.0035417515932205054,0.004571984345353301,0.003290572635865673,0.0059324102707858165,0.0004229061759408526,0.0009473915169482836,0.004262425362614139,0.010812668784506383,0.011371077164370923,0.002206285421600698,0.0126183951697206,0.0038446835001531864,1
0.00014966191480266032,0.00015422841130582676,0.0003747633852598262,0.00010863626871447378,0.00019616089817381271,0.0002393902481842645,6.328985826608014e-05,0.0002634725339060145,0.00012368541235508162,8.172323429590377e-05,0.0004165502174061224,0.000370968474586943,0.0002288591981204416,0.0002983771344472668,0.0006301052484597578,0.001004254217321908,0.000441779941941205,0.0007959986487446255,0.00021460006430028248,0.00037892806028846275,0.0007882151643592121,0.0003234620987999581,0.00031080855771438654,0.0002548598716986917,0.000578505146237339,0.000809632227850927,0.0009436935539796549,0.0011127144090059974,0.0016725852259787109,0.0036109615929313626,0.004207519705929374,0.0019566716783883838,0.008852954538321984,0.004910962967752187,0.008511881293285284,0.0016584948926933426,0.0027779048011683676,0.0024726427818124426,0.00799523617880533,0.0061020409891112395,0.0026150862164045613,0.0060424656092685795,0.002887002616562174,1
8.275021268991743e-05,0.0001390480081565447,0.00033206516908243635,6.732215207602215e-05,0.00018315714278309,0.0002086127429044785,6.845474751248388e-05,0.00022934113412963254,0.0001334851931543237,7.449715374905074e-05,0.0003336355944521878,0.00036541003617293594,0.0002230527929898294,0.0002223414688659979,0.0004959384181646836,0.0009010865547297054,0.0003431767871747169,0.0007460830985621993,0.0001255049777293401,0.0003609243827130025,0.0004984419013835943,0.0003392228252533094,0.0003025884552786854,0.000267412230415958,0.00033532595232229885,0.00047106371128533616,0.0010332853647691202,0.0008307695721033045,0.0012732758191264172,0.0022820820667885577,0.0034218250672047148,0.0014681058803814274,0.0069093670107710095,0.0037504450998426158,0.00923392130530641,0.0015679171752191034,0.002349779017675721,0.003265236845276218,0.0071462830619363526,0.005958431437610619,0.003195340485522298,0.002675303679812172,0.0022132566957677588,1
8.36217479528019e-05,0.0001465318024821324,0.0003165945427496215,6.184742151223243e-05,0.00019568722365739466,0.00021052755870826407,6.792300289418852e-05,0.00024467289263528104,0.00013347577551785334,6.871984713458911e-05,0.00036889535650312763,0.0003362972151601506,0.00023368135515433564,0.00028789058916881574,0.00048612934609720273,0.0010672668219553732,0.0001855599979496265,0.0006879241567186722,0.00029419278420443195,0.00020720229933431731,0.0004255599576778038,0.00025432145108301394,0.0004123081050261821,0.00035922141282287664,0.0002337205067391475,0.0004319145478320727,0.0008569272353342005,0.0009728387249511593,0.0022475552611300313,0.0015167068117588492,0.003007014592348027,0.0015196789072882595,0.006598452901113614,0.007761661576137082,0.006220514905411666,0.0015699391887736718,0.0024953642237926558,0.0033409454846861225,0.008159735239422912,0.005362323157661936,0.002344597823892122,0.0019452152932804916,0.002036493056408515,1
9.228180823691284e-05,0.00014137373152331122,0.00029683802458976816,8.195812388773445e-05,0.0001837430594513121,0.00021872874620439679,8.914190973724951e-05,0.0002366484891816607,0.00013267897805731098,8.730325024278659e-05,0.00030203926236751876,0.0003610652666292186,0.00021893928120464385,0.0002288360495732701,0.0006339954576157553,0.0010176165028731188,0.00025627937460171894,0.0006324983905891105,0.0003443097635779205,0.00021767367463397953,0.0004277068429491911,0.00027977082411876736,0.00033815686316272586,0.00033024437457158945,0.00023375087004617588,0.00043334106376744576,0.0008902782856436767,0.0008122582612993815,0.002002631270105156,0.0019795891596450957,0.0024088427140012613,0.0031198494201359773,0.004611346370801664,0.0060263742595426115,0.00575185302685168,0.0015181610051145543,0.0021125145473162247,0.00387820896191705,0.008185847466529733,0.005145748348270542,0.002165384641376121,0.0016669402398330098,0.0020312223957857675,1
0.00017719358459403802,5.4839213986561944e-05,0.00038356674967603973,0.0007363409101996566,0.0012646189511570692,0.0003776566899428928,0.0005361100669532454,0.00042675383476241364,0.0017482463832189613,0.0006951877367458479,0.0010184745306270593,0.0011338896234782813,0.0008158722778403491,0.001389346151425333,0.0013406594621362409,0.0016137201884264512,0.0011662554533311696,0.00041017741647166316,0.00030222794481261965,0.00043308490098116557,0.00031391197423814187,0.000905937706821309,0.00041788331482861394,0.0005071439039970008,0.00036870757132633256,0.00035917025807448416,0.0009983373636707877,0.0003660587840773511,0.0002495039410192785,0.00016824843505442415,0.0001997545870461315,0.0002811506303376743,0.00013392522564184867,0.0002404175402063897,0.0002619355787797122,0.010335128773493968,0.0058484637664630865,0.0031040905568043564,0.0033276673226911944,0.015311096405703009,0.007456441342895975,0.006463450679344956,0.011072239715273555,0
0.0003147089267762588,5.7147304037890256e-05,0.0001908285388772045,0.0007696715124206285,0.00043999953812664535,0.0004038689252562424,0.0003338863345481078,0.000246443668468986,0.0025430604094860477,0.000970352750220166,0.0011692196861268968,0.0006521694171808801,0.0005425848340271314,0.001117239517774127,0.0007593741258340959,0.0007839062950345782,0.0006298053474169107,0.0004189507131240295,0.0001909240400302975,0.00029051857117489,0.0003571849425018633,0.0007866668798092769,0.0008060663655637463,0.0003843923804799485,0.0002761987300405805,0.00022226033569175635,0.00036850229836380327,0.0001949669349774405,0.00015414997220317855,0.00018604303051812944,0.00011929143883312784,0.00019040383469079528,0.00012901316583746792,0.00016735594743460928,0.00023092556147460576,0.0005015667410419816,0.0009185086209396334,0.0032039901098380808,0.009519032671891104,0.005970349396489292,0.003929603959005899,0.00344461774470824,0.0016067046360604819,0
0.00014982348317657017,5.386040471140425e-05,0.00018960357171591449,0.0008275236958333248,0.000432634897903226,0.00029310670405063936,0.0002908390105570388,0.00023572409640355005,0.0020712863780903866,0.0012449215178007896,0.0008922866833467693,0.0005622562604509793,0.00044961220553909085,0.0008602331949081842,0.000581173810755249,0.0008975863139830334,0.0007642636842248017,0.00043638245967268194,0.00020024308401955012,0.0002333623756435615,0.0008627084960411486,0.0002688659036098774,0.0006454472955934365,0.00029582513012872225,0.00035425853615930606,0.000228558454587602,0.000562688435849972,0.00018791543778660038,0.00015800867258578262,0.00020057091474118898,0.00012800789701849472,0.00022383668397434205,0.00014774805571849913,0.00016323642299996853,0.00021933146755587557,0.0003084276973871493,0.0006174689017269061,0.0039352202047440304,0.010383076202538727,0.005360004423580584,0.0027872328593647015,0.0027534311679597305,0.001671798160236762,0
0.00015586037345517994,4.451381324152737e-05,0.00016548872839919297,0.0008332793975691765,0.00044422235769628186,0.00024162190164922262,0.0002677286413026842,0.0002164755387401653,0.0014288669847596584,0.0016656048992948714,0.0007666274131487437,0.0005286712988708843,0.0006350206959304353,0.0006895030124393401,0.0005164981743713499,0.0010718541181006492,0.0008913646468973519,0.0006145779465756969,0.00024035565093555154,0.00012239681234437667,0.0007176197847075529,0.00039534672641990197,0.0005271852324221387,0.00035257330689301736,0.0004958473145757291,0.00033408185122077753,0.000704755270625864,0.0003097615916526401,0.00016307229532487239,0.0002338300729745152,0.00014781621310589103,0.0002775939230195398,0.00016966618891628212,0.0001618216503677847,0.0002467805638649491,0.0002489883006231505,0.000533185422339204,0.004912779435975305,0.009960869796421247,0.0055214823299358845,0.0024114899348586833,0.001859195565822051,0.0015323913138420614,0
